Copyright 1986-2022 Xilinx, Inc. All Rights Reserved. Copyright 2022-2025 Advanced Micro Devices, Inc. All Rights Reserved.
---------------------------------------------------------------------------------------------------------------------------------------------------------------------------------------------------------------------------------------------
| Tool Version : Vivado v.2025.2 (win64) Build 6299465 Fri Nov 14 19:35:11 GMT 2025
| Date         : Wed Sep 30 14:59:31 2026
| Host         : Prakhar running 64-bit major release  (build 9200)
| Command      : report_timing_summary -max_paths 10 -routable_nets -report_unconstrained -file traffic_fsm_timing_summary_routed.rpt -pb traffic_fsm_timing_summary_routed.pb -rpx traffic_fsm_timing_summary_routed.rpx -warn_on_violation
| Design       : traffic_fsm
| Device       : 7a35t-cpg236
| Speed File   : -1  PRODUCTION 1.23 2018-06-13
| Design State : Routed
---------------------------------------------------------------------------------------------------------------------------------------------------------------------------------------------------------------------------------------------

Timing Summary Report

------------------------------------------------------------------------------------------------
| Timer Settings
| --------------
------------------------------------------------------------------------------------------------

  Enable Multi Corner Analysis               :  Yes
  Enable Pessimism Removal                   :  Yes
  Pessimism Removal Resolution               :  Nearest Common Node
  Enable Input Delay Default Clock           :  No
  Enable Preset / Clear Arcs                 :  No
  Disable Flight Delays                      :  No
  Ignore I/O Paths                           :  No
  Timing Early Launch at Borrowing Latches   :  No
  Borrow Time for Max Delay Exceptions       :  Yes
  Merge Timing Exceptions                    :  Yes
  Inter-SLR Compensation                     :  Conservative

  Corner  Analyze    Analyze    
  Name    Max Paths  Min Paths  
  ------  ---------  ---------  
  Slow    Yes        Yes        
  Fast    Yes        Yes        


------------------------------------------------------------------------------------------------
| Report Methodology
| ------------------
------------------------------------------------------------------------------------------------

Rule       Severity  Description                    Violations  
---------  --------  -----------------------------  ----------  
TIMING-18  Warning   Missing input or output delay  19          

Note: This report is based on the most recent report_methodology run and may not be up-to-date. Run report_methodology on the current design for the latest report.



check_timing report

Table of Contents
-----------------
1. checking no_clock (0)
2. checking constant_clock (0)
3. checking pulse_width_clock (0)
4. checking unconstrained_internal_endpoints (0)
5. checking no_input_delay (6)
6. checking no_output_delay (13)
7. checking multiple_clock (0)
8. checking generated_clocks (0)
9. checking loops (0)
10. checking partial_input_delay (0)
11. checking partial_output_delay (0)
12. checking latch_loops (0)

1. checking no_clock (0)
------------------------
 There are 0 register/latch pins with no clock.


2. checking constant_clock (0)
------------------------------
 There are 0 register/latch pins with constant_clock.


3. checking pulse_width_clock (0)
---------------------------------
 There are 0 register/latch pins which need pulse_width check


4. checking unconstrained_internal_endpoints (0)
------------------------------------------------
 There are 0 pins that are not constrained for maximum delay.

 There are 0 pins that are not constrained for maximum delay due to constant clock.


5. checking no_input_delay (6)
------------------------------
 There are 6 input ports with no input delay specified. (HIGH)

 There are 0 input ports with no input delay but user has a false path constraint.


6. checking no_output_delay (13)
--------------------------------
 There are 13 ports with no output delay specified. (HIGH)

 There are 0 ports with no output delay but user has a false path constraint

 There are 0 ports with no output delay but with a timing clock defined on it or propagating through it


7. checking multiple_clock (0)
------------------------------
 There are 0 register/latch pins with multiple clocks.


8. checking generated_clocks (0)
--------------------------------
 There are 0 generated clocks that are not connected to a clock source.


9. checking loops (0)
---------------------
 There are 0 combinational loops in the design.


10. checking partial_input_delay (0)
------------------------------------
 There are 0 input ports with partial input delay specified.


11. checking partial_output_delay (0)
-------------------------------------
 There are 0 ports with partial output delay specified.


12. checking latch_loops (0)
----------------------------
 There are 0 combinational latch loops in the design through latch input



------------------------------------------------------------------------------------------------
| Design Timing Summary
| ---------------------
------------------------------------------------------------------------------------------------

    WNS(ns)      TNS(ns)  TNS Failing Endpoints  TNS Total Endpoints      WHS(ns)      THS(ns)  THS Failing Endpoints  THS Total Endpoints     WPWS(ns)     TPWS(ns)  TPWS Failing Endpoints  TPWS Total Endpoints  
    -------      -------  ---------------------  -------------------      -------      -------  ---------------------  -------------------     --------     --------  ----------------------  --------------------  
      5.806        0.000                      0                   10        0.258        0.000                      0                   10        4.500        0.000                       0                    11  


All user specified timing constraints are met.


------------------------------------------------------------------------------------------------
| Clock Summary
| -------------
------------------------------------------------------------------------------------------------

Clock  Waveform(ns)       Period(ns)      Frequency(MHz)
-----  ------------       ----------      --------------
clk    {0.000 5.000}      10.000          100.000         


------------------------------------------------------------------------------------------------
| Intra Clock Table
| -----------------
------------------------------------------------------------------------------------------------

Clock             WNS(ns)      TNS(ns)  TNS Failing Endpoints  TNS Total Endpoints      WHS(ns)      THS(ns)  THS Failing Endpoints  THS Total Endpoints     WPWS(ns)     TPWS(ns)  TPWS Failing Endpoints  TPWS Total Endpoints  
-----             -------      -------  ---------------------  -------------------      -------      -------  ---------------------  -------------------     --------     --------  ----------------------  --------------------  
clk                 5.806        0.000                      0                   10        0.258        0.000                      0                   10        4.500        0.000                       0                    11  


------------------------------------------------------------------------------------------------
| Inter Clock Table
| -----------------
------------------------------------------------------------------------------------------------

From Clock    To Clock          WNS(ns)      TNS(ns)  TNS Failing Endpoints  TNS Total Endpoints      WHS(ns)      THS(ns)  THS Failing Endpoints  THS Total Endpoints  
----------    --------          -------      -------  ---------------------  -------------------      -------      -------  ---------------------  -------------------  


------------------------------------------------------------------------------------------------
| Other Path Groups Table
| -----------------------
------------------------------------------------------------------------------------------------

Path Group    From Clock    To Clock          WNS(ns)      TNS(ns)  TNS Failing Endpoints  TNS Total Endpoints      WHS(ns)      THS(ns)  THS Failing Endpoints  THS Total Endpoints  
----------    ----------    --------          -------      -------  ---------------------  -------------------      -------      -------  ---------------------  -------------------  


------------------------------------------------------------------------------------------------
| User Ignored Path Table
| -----------------------
------------------------------------------------------------------------------------------------

Path Group    From Clock    To Clock    
----------    ----------    --------    


------------------------------------------------------------------------------------------------
| Unconstrained Path Table
| ------------------------
------------------------------------------------------------------------------------------------

Path Group    From Clock    To Clock    
----------    ----------    --------    
(none)                                    
(none)        clk                         
(none)                      clk           


------------------------------------------------------------------------------------------------
| Timing Details
| --------------
------------------------------------------------------------------------------------------------


---------------------------------------------------------------------------------------------------
From Clock:  clk
  To Clock:  clk

Setup :            0  Failing Endpoints,  Worst Slack        5.806ns,  Total Violation        0.000ns
Hold  :            0  Failing Endpoints,  Worst Slack        0.258ns,  Total Violation        0.000ns
PW    :            0  Failing Endpoints,  Worst Slack        4.500ns,  Total Violation        0.000ns
---------------------------------------------------------------------------------------------------


Max Delay Paths
--------------------------------------------------------------------------------------
Slack (MET) :             5.806ns  (required time - arrival time)
  Source:                 state_reg[1]/C
                            (rising edge-triggered cell FDCE clocked by clk  {rise@0.000ns fall@5.000ns period=10.000ns})
  Destination:            last_reg[2]/D
                            (rising edge-triggered cell FDPE clocked by clk  {rise@0.000ns fall@5.000ns period=10.000ns})
  Path Group:             clk
  Path Type:              Setup (Max at Slow Process Corner)
  Requirement:            10.000ns  (clk rise@10.000ns - clk rise@0.000ns)
  Data Path Delay:        4.165ns  (logic 1.180ns (28.332%)  route 2.985ns (71.668%))
  Logic Levels:           4  (LUT5=2 LUT6=2)
  Clock Path Skew:        -0.025ns (DCD - SCD + CPR)
    Destination Clock Delay (DCD):    4.281ns = ( 14.281 - 10.000 ) 
    Source Clock Delay      (SCD):    4.642ns
    Clock Pessimism Removal (CPR):    0.336ns
  Clock Uncertainty:      0.035ns  ((TSJ^2 + TIJ^2)^1/2 + DJ) / 2 + PE
    Total System Jitter     (TSJ):    0.071ns
    Total Input Jitter      (TIJ):    0.000ns
    Discrete Jitter          (DJ):    0.000ns
    Phase Error              (PE):    0.000ns

    Location             Delay type                Incr(ns)  Path(ns)    Netlist Resource(s)
  -------------------------------------------------------------------    -------------------
                         (clock clk rise edge)        0.000     0.000 r  
    M18                                               0.000     0.000 r  clk (IN)
                         net (fo=0)                   0.000     0.000    clk
    M18                  IBUF (Prop_ibuf_I_O)         0.938     0.938 r  clk_IBUF_inst/O
                         net (fo=1, routed)           1.972     2.910    clk_IBUF
    BUFGCTRL_X0Y0        BUFG (Prop_bufg_I_O)         0.096     3.006 r  clk_IBUF_BUFG_inst/O
                         net (fo=10, routed)          1.636     4.642    clk_IBUF_BUFG
    SLICE_X1Y10          FDCE                                         r  state_reg[1]/C
  -------------------------------------------------------------------    -------------------
    SLICE_X1Y10          FDCE (Prop_fdce_C_Q)         0.456     5.098 f  state_reg[1]/Q
                         net (fo=24, routed)          1.052     6.150    state[1]
    SLICE_X2Y8           LUT5 (Prop_lut5_I0_O)        0.124     6.274 f  state[2]_i_7/O
                         net (fo=11, routed)          0.843     7.118    state[2]_i_7_n_0
    SLICE_X0Y9           LUT5 (Prop_lut5_I1_O)        0.150     7.268 r  last[2]_i_7/O
                         net (fo=1, routed)           0.441     7.708    last[2]_i_7_n_0
    SLICE_X0Y9           LUT6 (Prop_lut6_I5_O)        0.326     8.034 r  last[2]_i_2/O
                         net (fo=1, routed)           0.648     8.683    last[2]_i_2_n_0
    SLICE_X1Y9           LUT6 (Prop_lut6_I0_O)        0.124     8.807 r  last[2]_i_1/O
                         net (fo=1, routed)           0.000     8.807    last[2]_i_1_n_0
    SLICE_X1Y9           FDPE                                         r  last_reg[2]/D
  -------------------------------------------------------------------    -------------------

                         (clock clk rise edge)       10.000    10.000 r  
    M18                                               0.000    10.000 r  clk (IN)
                         net (fo=0)                   0.000    10.000    clk
    M18                  IBUF (Prop_ibuf_I_O)         0.805    10.805 r  clk_IBUF_inst/O
                         net (fo=1, routed)           1.868    12.673    clk_IBUF
    BUFGCTRL_X0Y0        BUFG (Prop_bufg_I_O)         0.091    12.764 r  clk_IBUF_BUFG_inst/O
                         net (fo=10, routed)          1.517    14.281    clk_IBUF_BUFG
    SLICE_X1Y9           FDPE                                         r  last_reg[2]/C
                         clock pessimism              0.336    14.617    
                         clock uncertainty           -0.035    14.582    
    SLICE_X1Y9           FDPE (Setup_fdpe_C_D)        0.031    14.613    last_reg[2]
  -------------------------------------------------------------------
                         required time                         14.613    
                         arrival time                          -8.807    
  -------------------------------------------------------------------
                         slack                                  5.806    

Slack (MET) :             6.015ns  (required time - arrival time)
  Source:                 state_reg[1]/C
                            (rising edge-triggered cell FDCE clocked by clk  {rise@0.000ns fall@5.000ns period=10.000ns})
  Destination:            state_reg[1]/D
                            (rising edge-triggered cell FDCE clocked by clk  {rise@0.000ns fall@5.000ns period=10.000ns})
  Path Group:             clk
  Path Type:              Setup (Max at Slow Process Corner)
  Requirement:            10.000ns  (clk rise@10.000ns - clk rise@0.000ns)
  Data Path Delay:        3.978ns  (logic 1.188ns (29.861%)  route 2.790ns (70.139%))
  Logic Levels:           4  (LUT5=2 LUT6=2)
  Clock Path Skew:        0.000ns (DCD - SCD + CPR)
    Destination Clock Delay (DCD):    4.281ns = ( 14.281 - 10.000 ) 
    Source Clock Delay      (SCD):    4.642ns
    Clock Pessimism Removal (CPR):    0.361ns
  Clock Uncertainty:      0.035ns  ((TSJ^2 + TIJ^2)^1/2 + DJ) / 2 + PE
    Total System Jitter     (TSJ):    0.071ns
    Total Input Jitter      (TIJ):    0.000ns
    Discrete Jitter          (DJ):    0.000ns
    Phase Error              (PE):    0.000ns

    Location             Delay type                Incr(ns)  Path(ns)    Netlist Resource(s)
  -------------------------------------------------------------------    -------------------
                         (clock clk rise edge)        0.000     0.000 r  
    M18                                               0.000     0.000 r  clk (IN)
                         net (fo=0)                   0.000     0.000    clk
    M18                  IBUF (Prop_ibuf_I_O)         0.938     0.938 r  clk_IBUF_inst/O
                         net (fo=1, routed)           1.972     2.910    clk_IBUF
    BUFGCTRL_X0Y0        BUFG (Prop_bufg_I_O)         0.096     3.006 r  clk_IBUF_BUFG_inst/O
                         net (fo=10, routed)          1.636     4.642    clk_IBUF_BUFG
    SLICE_X1Y10          FDCE                                         r  state_reg[1]/C
  -------------------------------------------------------------------    -------------------
    SLICE_X1Y10          FDCE (Prop_fdce_C_Q)         0.456     5.098 f  state_reg[1]/Q
                         net (fo=24, routed)          1.052     6.150    state[1]
    SLICE_X2Y8           LUT5 (Prop_lut5_I0_O)        0.124     6.274 f  state[2]_i_7/O
                         net (fo=11, routed)          0.983     7.258    state[2]_i_7_n_0
    SLICE_X1Y10          LUT5 (Prop_lut5_I4_O)        0.152     7.410 r  state[1]_i_8/O
                         net (fo=1, routed)           0.438     7.848    state[1]_i_8_n_0
    SLICE_X2Y9           LUT6 (Prop_lut6_I5_O)        0.332     8.180 r  state[1]_i_2/O
                         net (fo=2, routed)           0.316     8.496    state[1]_i_2_n_0
    SLICE_X1Y10          LUT6 (Prop_lut6_I0_O)        0.124     8.620 r  state[1]_i_1/O
                         net (fo=1, routed)           0.000     8.620    state[1]_i_1_n_0
    SLICE_X1Y10          FDCE                                         r  state_reg[1]/D
  -------------------------------------------------------------------    -------------------

                         (clock clk rise edge)       10.000    10.000 r  
    M18                                               0.000    10.000 r  clk (IN)
                         net (fo=0)                   0.000    10.000    clk
    M18                  IBUF (Prop_ibuf_I_O)         0.805    10.805 r  clk_IBUF_inst/O
                         net (fo=1, routed)           1.868    12.673    clk_IBUF
    BUFGCTRL_X0Y0        BUFG (Prop_bufg_I_O)         0.091    12.764 r  clk_IBUF_BUFG_inst/O
                         net (fo=10, routed)          1.517    14.281    clk_IBUF_BUFG
    SLICE_X1Y10          FDCE                                         r  state_reg[1]/C
                         clock pessimism              0.361    14.642    
                         clock uncertainty           -0.035    14.607    
    SLICE_X1Y10          FDCE (Setup_fdce_C_D)        0.029    14.636    state_reg[1]
  -------------------------------------------------------------------
                         required time                         14.636    
                         arrival time                          -8.620    
  -------------------------------------------------------------------
                         slack                                  6.015    

Slack (MET) :             6.017ns  (required time - arrival time)
  Source:                 last_reg[0]/C
                            (rising edge-triggered cell FDCE clocked by clk  {rise@0.000ns fall@5.000ns period=10.000ns})
  Destination:            last_reg[0]/D
                            (rising edge-triggered cell FDCE clocked by clk  {rise@0.000ns fall@5.000ns period=10.000ns})
  Path Group:             clk
  Path Type:              Setup (Max at Slow Process Corner)
  Requirement:            10.000ns  (clk rise@10.000ns - clk rise@0.000ns)
  Data Path Delay:        4.028ns  (logic 1.142ns (28.349%)  route 2.886ns (71.651%))
  Logic Levels:           3  (LUT3=1 LUT5=2)
  Clock Path Skew:        0.000ns (DCD - SCD + CPR)
    Destination Clock Delay (DCD):    4.282ns = ( 14.282 - 10.000 ) 
    Source Clock Delay      (SCD):    4.643ns
    Clock Pessimism Removal (CPR):    0.361ns
  Clock Uncertainty:      0.035ns  ((TSJ^2 + TIJ^2)^1/2 + DJ) / 2 + PE
    Total System Jitter     (TSJ):    0.071ns
    Total Input Jitter      (TIJ):    0.000ns
    Discrete Jitter          (DJ):    0.000ns
    Phase Error              (PE):    0.000ns

    Location             Delay type                Incr(ns)  Path(ns)    Netlist Resource(s)
  -------------------------------------------------------------------    -------------------
                         (clock clk rise edge)        0.000     0.000 r  
    M18                                               0.000     0.000 r  clk (IN)
                         net (fo=0)                   0.000     0.000    clk
    M18                  IBUF (Prop_ibuf_I_O)         0.938     0.938 r  clk_IBUF_inst/O
                         net (fo=1, routed)           1.972     2.910    clk_IBUF
    BUFGCTRL_X0Y0        BUFG (Prop_bufg_I_O)         0.096     3.006 r  clk_IBUF_BUFG_inst/O
                         net (fo=10, routed)          1.637     4.643    clk_IBUF_BUFG
    SLICE_X2Y8           FDCE                                         r  last_reg[0]/C
  -------------------------------------------------------------------    -------------------
    SLICE_X2Y8           FDCE (Prop_fdce_C_Q)         0.518     5.161 r  last_reg[0]/Q
                         net (fo=30, routed)          1.080     6.241    l[0]
    SLICE_X0Y9           LUT3 (Prop_lut3_I0_O)        0.124     6.365 r  last[2]_i_9/O
                         net (fo=2, routed)           0.961     7.325    last[2]_i_9_n_0
    SLICE_X2Y9           LUT5 (Prop_lut5_I0_O)        0.152     7.477 r  last[2]_i_6/O
                         net (fo=3, routed)           0.846     8.323    last[2]_i_6_n_0
    SLICE_X2Y8           LUT5 (Prop_lut5_I3_O)        0.348     8.671 r  last[0]_i_1/O
                         net (fo=1, routed)           0.000     8.671    last[0]_i_1_n_0
    SLICE_X2Y8           FDCE                                         r  last_reg[0]/D
  -------------------------------------------------------------------    -------------------

                         (clock clk rise edge)       10.000    10.000 r  
    M18                                               0.000    10.000 r  clk (IN)
                         net (fo=0)                   0.000    10.000    clk
    M18                  IBUF (Prop_ibuf_I_O)         0.805    10.805 r  clk_IBUF_inst/O
                         net (fo=1, routed)           1.868    12.673    clk_IBUF
    BUFGCTRL_X0Y0        BUFG (Prop_bufg_I_O)         0.091    12.764 r  clk_IBUF_BUFG_inst/O
                         net (fo=10, routed)          1.518    14.282    clk_IBUF_BUFG
    SLICE_X2Y8           FDCE                                         r  last_reg[0]/C
                         clock pessimism              0.361    14.643    
                         clock uncertainty           -0.035    14.608    
    SLICE_X2Y8           FDCE (Setup_fdce_C_D)        0.081    14.689    last_reg[0]
  -------------------------------------------------------------------
                         required time                         14.689    
                         arrival time                          -8.671    
  -------------------------------------------------------------------
                         slack                                  6.017    

Slack (MET) :             6.036ns  (required time - arrival time)
  Source:                 state_reg[1]/C
                            (rising edge-triggered cell FDCE clocked by clk  {rise@0.000ns fall@5.000ns period=10.000ns})
  Destination:            last_reg[1]/D
                            (rising edge-triggered cell FDPE clocked by clk  {rise@0.000ns fall@5.000ns period=10.000ns})
  Path Group:             clk
  Path Type:              Setup (Max at Slow Process Corner)
  Requirement:            10.000ns  (clk rise@10.000ns - clk rise@0.000ns)
  Data Path Delay:        3.980ns  (logic 1.188ns (29.847%)  route 2.792ns (70.153%))
  Logic Levels:           4  (LUT5=2 LUT6=2)
  Clock Path Skew:        -0.025ns (DCD - SCD + CPR)
    Destination Clock Delay (DCD):    4.281ns = ( 14.281 - 10.000 ) 
    Source Clock Delay      (SCD):    4.642ns
    Clock Pessimism Removal (CPR):    0.336ns
  Clock Uncertainty:      0.035ns  ((TSJ^2 + TIJ^2)^1/2 + DJ) / 2 + PE
    Total System Jitter     (TSJ):    0.071ns
    Total Input Jitter      (TIJ):    0.000ns
    Discrete Jitter          (DJ):    0.000ns
    Phase Error              (PE):    0.000ns

    Location             Delay type                Incr(ns)  Path(ns)    Netlist Resource(s)
  -------------------------------------------------------------------    -------------------
                         (clock clk rise edge)        0.000     0.000 r  
    M18                                               0.000     0.000 r  clk (IN)
                         net (fo=0)                   0.000     0.000    clk
    M18                  IBUF (Prop_ibuf_I_O)         0.938     0.938 r  clk_IBUF_inst/O
                         net (fo=1, routed)           1.972     2.910    clk_IBUF
    BUFGCTRL_X0Y0        BUFG (Prop_bufg_I_O)         0.096     3.006 r  clk_IBUF_BUFG_inst/O
                         net (fo=10, routed)          1.636     4.642    clk_IBUF_BUFG
    SLICE_X1Y10          FDCE                                         r  state_reg[1]/C
  -------------------------------------------------------------------    -------------------
    SLICE_X1Y10          FDCE (Prop_fdce_C_Q)         0.456     5.098 f  state_reg[1]/Q
                         net (fo=24, routed)          1.052     6.150    state[1]
    SLICE_X2Y8           LUT5 (Prop_lut5_I0_O)        0.124     6.274 f  state[2]_i_7/O
                         net (fo=11, routed)          0.983     7.258    state[2]_i_7_n_0
    SLICE_X1Y10          LUT5 (Prop_lut5_I4_O)        0.152     7.410 r  state[1]_i_8/O
                         net (fo=1, routed)           0.438     7.848    state[1]_i_8_n_0
    SLICE_X2Y9           LUT6 (Prop_lut6_I5_O)        0.332     8.180 r  state[1]_i_2/O
                         net (fo=2, routed)           0.318     8.498    state[1]_i_2_n_0
    SLICE_X2Y10          LUT6 (Prop_lut6_I0_O)        0.124     8.622 r  last[1]_i_1/O
                         net (fo=1, routed)           0.000     8.622    last[1]_i_1_n_0
    SLICE_X2Y10          FDPE                                         r  last_reg[1]/D
  -------------------------------------------------------------------    -------------------

                         (clock clk rise edge)       10.000    10.000 r  
    M18                                               0.000    10.000 r  clk (IN)
                         net (fo=0)                   0.000    10.000    clk
    M18                  IBUF (Prop_ibuf_I_O)         0.805    10.805 r  clk_IBUF_inst/O
                         net (fo=1, routed)           1.868    12.673    clk_IBUF
    BUFGCTRL_X0Y0        BUFG (Prop_bufg_I_O)         0.091    12.764 r  clk_IBUF_BUFG_inst/O
                         net (fo=10, routed)          1.517    14.281    clk_IBUF_BUFG
    SLICE_X2Y10          FDPE                                         r  last_reg[1]/C
                         clock pessimism              0.336    14.617    
                         clock uncertainty           -0.035    14.582    
    SLICE_X2Y10          FDPE (Setup_fdpe_C_D)        0.077    14.659    last_reg[1]
  -------------------------------------------------------------------
                         required time                         14.659    
                         arrival time                          -8.622    
  -------------------------------------------------------------------
                         slack                                  6.036    

Slack (MET) :             6.097ns  (required time - arrival time)
  Source:                 last_reg[1]/C
                            (rising edge-triggered cell FDPE clocked by clk  {rise@0.000ns fall@5.000ns period=10.000ns})
  Destination:            cnt_reg[1]/D
                            (rising edge-triggered cell FDCE clocked by clk  {rise@0.000ns fall@5.000ns period=10.000ns})
  Path Group:             clk
  Path Type:              Setup (Max at Slow Process Corner)
  Requirement:            10.000ns  (clk rise@10.000ns - clk rise@0.000ns)
  Data Path Delay:        3.872ns  (logic 1.014ns (26.190%)  route 2.858ns (73.810%))
  Logic Levels:           4  (LUT2=1 LUT6=3)
  Clock Path Skew:        -0.025ns (DCD - SCD + CPR)
    Destination Clock Delay (DCD):    4.281ns = ( 14.281 - 10.000 ) 
    Source Clock Delay      (SCD):    4.642ns
    Clock Pessimism Removal (CPR):    0.336ns
  Clock Uncertainty:      0.035ns  ((TSJ^2 + TIJ^2)^1/2 + DJ) / 2 + PE
    Total System Jitter     (TSJ):    0.071ns
    Total Input Jitter      (TIJ):    0.000ns
    Discrete Jitter          (DJ):    0.000ns
    Phase Error              (PE):    0.000ns

    Location             Delay type                Incr(ns)  Path(ns)    Netlist Resource(s)
  -------------------------------------------------------------------    -------------------
                         (clock clk rise edge)        0.000     0.000 r  
    M18                                               0.000     0.000 r  clk (IN)
                         net (fo=0)                   0.000     0.000    clk
    M18                  IBUF (Prop_ibuf_I_O)         0.938     0.938 r  clk_IBUF_inst/O
                         net (fo=1, routed)           1.972     2.910    clk_IBUF
    BUFGCTRL_X0Y0        BUFG (Prop_bufg_I_O)         0.096     3.006 r  clk_IBUF_BUFG_inst/O
                         net (fo=10, routed)          1.636     4.642    clk_IBUF_BUFG
    SLICE_X2Y10          FDPE                                         r  last_reg[1]/C
  -------------------------------------------------------------------    -------------------
    SLICE_X2Y10          FDPE (Prop_fdpe_C_Q)         0.518     5.160 f  last_reg[1]/Q
                         net (fo=31, routed)          0.870     6.030    l[1]
    SLICE_X3Y10          LUT2 (Prop_lut2_I0_O)        0.124     6.154 f  state[2]_i_9/O
                         net (fo=1, routed)           0.930     7.084    state[2]_i_9_n_0
    SLICE_X3Y10          LUT6 (Prop_lut6_I3_O)        0.124     7.208 f  state[2]_i_6/O
                         net (fo=2, routed)           0.580     7.789    state[2]_i_6_n_0
    SLICE_X3Y9           LUT6 (Prop_lut6_I2_O)        0.124     7.913 f  cnt[1]_i_2/O
                         net (fo=1, routed)           0.477     8.390    cnt[1]_i_2_n_0
    SLICE_X1Y9           LUT6 (Prop_lut6_I0_O)        0.124     8.514 r  cnt[1]_i_1/O
                         net (fo=1, routed)           0.000     8.514    cnt[1]_i_1_n_0
    SLICE_X1Y9           FDCE                                         r  cnt_reg[1]/D
  -------------------------------------------------------------------    -------------------

                         (clock clk rise edge)       10.000    10.000 r  
    M18                                               0.000    10.000 r  clk (IN)
                         net (fo=0)                   0.000    10.000    clk
    M18                  IBUF (Prop_ibuf_I_O)         0.805    10.805 r  clk_IBUF_inst/O
                         net (fo=1, routed)           1.868    12.673    clk_IBUF
    BUFGCTRL_X0Y0        BUFG (Prop_bufg_I_O)         0.091    12.764 r  clk_IBUF_BUFG_inst/O
                         net (fo=10, routed)          1.517    14.281    clk_IBUF_BUFG
    SLICE_X1Y9           FDCE                                         r  cnt_reg[1]/C
                         clock pessimism              0.336    14.617    
                         clock uncertainty           -0.035    14.582    
    SLICE_X1Y9           FDCE (Setup_fdce_C_D)        0.029    14.611    cnt_reg[1]
  -------------------------------------------------------------------
                         required time                         14.611    
                         arrival time                          -8.514    
  -------------------------------------------------------------------
                         slack                                  6.097    

Slack (MET) :             6.340ns  (required time - arrival time)
  Source:                 state_reg[1]/C
                            (rising edge-triggered cell FDCE clocked by clk  {rise@0.000ns fall@5.000ns period=10.000ns})
  Destination:            state_reg[0]/D
                            (rising edge-triggered cell FDCE clocked by clk  {rise@0.000ns fall@5.000ns period=10.000ns})
  Path Group:             clk
  Path Type:              Setup (Max at Slow Process Corner)
  Requirement:            10.000ns  (clk rise@10.000ns - clk rise@0.000ns)
  Data Path Delay:        3.681ns  (logic 0.828ns (22.494%)  route 2.853ns (77.506%))
  Logic Levels:           3  (LUT5=1 LUT6=2)
  Clock Path Skew:        -0.025ns (DCD - SCD + CPR)
    Destination Clock Delay (DCD):    4.281ns = ( 14.281 - 10.000 ) 
    Source Clock Delay      (SCD):    4.642ns
    Clock Pessimism Removal (CPR):    0.336ns
  Clock Uncertainty:      0.035ns  ((TSJ^2 + TIJ^2)^1/2 + DJ) / 2 + PE
    Total System Jitter     (TSJ):    0.071ns
    Total Input Jitter      (TIJ):    0.000ns
    Discrete Jitter          (DJ):    0.000ns
    Phase Error              (PE):    0.000ns

    Location             Delay type                Incr(ns)  Path(ns)    Netlist Resource(s)
  -------------------------------------------------------------------    -------------------
                         (clock clk rise edge)        0.000     0.000 r  
    M18                                               0.000     0.000 r  clk (IN)
                         net (fo=0)                   0.000     0.000    clk
    M18                  IBUF (Prop_ibuf_I_O)         0.938     0.938 r  clk_IBUF_inst/O
                         net (fo=1, routed)           1.972     2.910    clk_IBUF
    BUFGCTRL_X0Y0        BUFG (Prop_bufg_I_O)         0.096     3.006 r  clk_IBUF_BUFG_inst/O
                         net (fo=10, routed)          1.636     4.642    clk_IBUF_BUFG
    SLICE_X1Y10          FDCE                                         r  state_reg[1]/C
  -------------------------------------------------------------------    -------------------
    SLICE_X1Y10          FDCE (Prop_fdce_C_Q)         0.456     5.098 f  state_reg[1]/Q
                         net (fo=24, routed)          1.052     6.150    state[1]
    SLICE_X2Y8           LUT5 (Prop_lut5_I0_O)        0.124     6.274 f  state[2]_i_7/O
                         net (fo=11, routed)          0.852     7.126    state[2]_i_7_n_0
    SLICE_X2Y9           LUT6 (Prop_lut6_I4_O)        0.124     7.250 r  state[0]_i_2/O
                         net (fo=2, routed)           0.949     8.199    state[0]_i_2_n_0
    SLICE_X2Y10          LUT6 (Prop_lut6_I0_O)        0.124     8.323 r  state[0]_i_1/O
                         net (fo=1, routed)           0.000     8.323    state[0]_i_1_n_0
    SLICE_X2Y10          FDCE                                         r  state_reg[0]/D
  -------------------------------------------------------------------    -------------------

                         (clock clk rise edge)       10.000    10.000 r  
    M18                                               0.000    10.000 r  clk (IN)
                         net (fo=0)                   0.000    10.000    clk
    M18                  IBUF (Prop_ibuf_I_O)         0.805    10.805 r  clk_IBUF_inst/O
                         net (fo=1, routed)           1.868    12.673    clk_IBUF
    BUFGCTRL_X0Y0        BUFG (Prop_bufg_I_O)         0.091    12.764 r  clk_IBUF_BUFG_inst/O
                         net (fo=10, routed)          1.517    14.281    clk_IBUF_BUFG
    SLICE_X2Y10          FDCE                                         r  state_reg[0]/C
                         clock pessimism              0.336    14.617    
                         clock uncertainty           -0.035    14.582    
    SLICE_X2Y10          FDCE (Setup_fdce_C_D)        0.081    14.663    state_reg[0]
  -------------------------------------------------------------------
                         required time                         14.663    
                         arrival time                          -8.323    
  -------------------------------------------------------------------
                         slack                                  6.340    

Slack (MET) :             6.969ns  (required time - arrival time)
  Source:                 cnt_reg[1]/C
                            (rising edge-triggered cell FDCE clocked by clk  {rise@0.000ns fall@5.000ns period=10.000ns})
  Destination:            state_reg[2]/D
                            (rising edge-triggered cell FDCE clocked by clk  {rise@0.000ns fall@5.000ns period=10.000ns})
  Path Group:             clk
  Path Type:              Setup (Max at Slow Process Corner)
  Requirement:            10.000ns  (clk rise@10.000ns - clk rise@0.000ns)
  Data Path Delay:        3.000ns  (logic 1.064ns (35.471%)  route 1.936ns (64.529%))
  Logic Levels:           3  (LUT4=2 LUT6=1)
  Clock Path Skew:        -0.025ns (DCD - SCD + CPR)
    Destination Clock Delay (DCD):    4.281ns = ( 14.281 - 10.000 ) 
    Source Clock Delay      (SCD):    4.642ns
    Clock Pessimism Removal (CPR):    0.336ns
  Clock Uncertainty:      0.035ns  ((TSJ^2 + TIJ^2)^1/2 + DJ) / 2 + PE
    Total System Jitter     (TSJ):    0.071ns
    Total Input Jitter      (TIJ):    0.000ns
    Discrete Jitter          (DJ):    0.000ns
    Phase Error              (PE):    0.000ns

    Location             Delay type                Incr(ns)  Path(ns)    Netlist Resource(s)
  -------------------------------------------------------------------    -------------------
                         (clock clk rise edge)        0.000     0.000 r  
    M18                                               0.000     0.000 r  clk (IN)
                         net (fo=0)                   0.000     0.000    clk
    M18                  IBUF (Prop_ibuf_I_O)         0.938     0.938 r  clk_IBUF_inst/O
                         net (fo=1, routed)           1.972     2.910    clk_IBUF
    BUFGCTRL_X0Y0        BUFG (Prop_bufg_I_O)         0.096     3.006 r  clk_IBUF_BUFG_inst/O
                         net (fo=10, routed)          1.636     4.642    clk_IBUF_BUFG
    SLICE_X1Y9           FDCE                                         r  cnt_reg[1]/C
  -------------------------------------------------------------------    -------------------
    SLICE_X1Y9           FDCE (Prop_fdce_C_Q)         0.456     5.098 r  cnt_reg[1]/Q
                         net (fo=9, routed)           0.820     5.918    cnt[1]
    SLICE_X2Y8           LUT4 (Prop_lut4_I3_O)        0.153     6.071 r  state[2]_i_8/O
                         net (fo=4, routed)           0.447     6.519    state[2]_i_8_n_0
    SLICE_X2Y9           LUT4 (Prop_lut4_I3_O)        0.331     6.850 r  state[2]_i_2/O
                         net (fo=2, routed)           0.668     7.518    state[2]_i_2_n_0
    SLICE_X3Y9           LUT6 (Prop_lut6_I0_O)        0.124     7.642 r  state[2]_i_1/O
                         net (fo=1, routed)           0.000     7.642    state[2]_i_1_n_0
    SLICE_X3Y9           FDCE                                         r  state_reg[2]/D
  -------------------------------------------------------------------    -------------------

                         (clock clk rise edge)       10.000    10.000 r  
    M18                                               0.000    10.000 r  clk (IN)
                         net (fo=0)                   0.000    10.000    clk
    M18                  IBUF (Prop_ibuf_I_O)         0.805    10.805 r  clk_IBUF_inst/O
                         net (fo=1, routed)           1.868    12.673    clk_IBUF
    BUFGCTRL_X0Y0        BUFG (Prop_bufg_I_O)         0.091    12.764 r  clk_IBUF_BUFG_inst/O
                         net (fo=10, routed)          1.517    14.281    clk_IBUF_BUFG
    SLICE_X3Y9           FDCE                                         r  state_reg[2]/C
                         clock pessimism              0.336    14.617    
                         clock uncertainty           -0.035    14.582    
    SLICE_X3Y9           FDCE (Setup_fdce_C_D)        0.029    14.611    state_reg[2]
  -------------------------------------------------------------------
                         required time                         14.611    
                         arrival time                          -7.642    
  -------------------------------------------------------------------
                         slack                                  6.969    

Slack (MET) :             7.675ns  (required time - arrival time)
  Source:                 cnt_reg[0]/C
                            (rising edge-triggered cell FDPE clocked by clk  {rise@0.000ns fall@5.000ns period=10.000ns})
  Destination:            cnt_reg[3]/D
                            (rising edge-triggered cell FDCE clocked by clk  {rise@0.000ns fall@5.000ns period=10.000ns})
  Path Group:             clk
  Path Type:              Setup (Max at Slow Process Corner)
  Requirement:            10.000ns  (clk rise@10.000ns - clk rise@0.000ns)
  Data Path Delay:        2.342ns  (logic 0.704ns (30.061%)  route 1.638ns (69.939%))
  Logic Levels:           2  (LUT2=1 LUT6=1)
  Clock Path Skew:        -0.025ns (DCD - SCD + CPR)
    Destination Clock Delay (DCD):    4.282ns = ( 14.282 - 10.000 ) 
    Source Clock Delay      (SCD):    4.643ns
    Clock Pessimism Removal (CPR):    0.336ns
  Clock Uncertainty:      0.035ns  ((TSJ^2 + TIJ^2)^1/2 + DJ) / 2 + PE
    Total System Jitter     (TSJ):    0.071ns
    Total Input Jitter      (TIJ):    0.000ns
    Discrete Jitter          (DJ):    0.000ns
    Phase Error              (PE):    0.000ns

    Location             Delay type                Incr(ns)  Path(ns)    Netlist Resource(s)
  -------------------------------------------------------------------    -------------------
                         (clock clk rise edge)        0.000     0.000 r  
    M18                                               0.000     0.000 r  clk (IN)
                         net (fo=0)                   0.000     0.000    clk
    M18                  IBUF (Prop_ibuf_I_O)         0.938     0.938 r  clk_IBUF_inst/O
                         net (fo=1, routed)           1.972     2.910    clk_IBUF
    BUFGCTRL_X0Y0        BUFG (Prop_bufg_I_O)         0.096     3.006 r  clk_IBUF_BUFG_inst/O
                         net (fo=10, routed)          1.637     4.643    clk_IBUF_BUFG
    SLICE_X0Y8           FDPE                                         r  cnt_reg[0]/C
  -------------------------------------------------------------------    -------------------
    SLICE_X0Y8           FDPE (Prop_fdpe_C_Q)         0.456     5.099 f  cnt_reg[0]/Q
                         net (fo=9, routed)           1.053     6.152    cnt[0]
    SLICE_X1Y8           LUT2 (Prop_lut2_I1_O)        0.124     6.276 r  cnt[3]_i_3/O
                         net (fo=1, routed)           0.585     6.861    cnt[3]_i_3_n_0
    SLICE_X2Y8           LUT6 (Prop_lut6_I3_O)        0.124     6.985 r  cnt[3]_i_1/O
                         net (fo=1, routed)           0.000     6.985    cnt[3]_i_1_n_0
    SLICE_X2Y8           FDCE                                         r  cnt_reg[3]/D
  -------------------------------------------------------------------    -------------------

                         (clock clk rise edge)       10.000    10.000 r  
    M18                                               0.000    10.000 r  clk (IN)
                         net (fo=0)                   0.000    10.000    clk
    M18                  IBUF (Prop_ibuf_I_O)         0.805    10.805 r  clk_IBUF_inst/O
                         net (fo=1, routed)           1.868    12.673    clk_IBUF
    BUFGCTRL_X0Y0        BUFG (Prop_bufg_I_O)         0.091    12.764 r  clk_IBUF_BUFG_inst/O
                         net (fo=10, routed)          1.518    14.282    clk_IBUF_BUFG
    SLICE_X2Y8           FDCE                                         r  cnt_reg[3]/C
                         clock pessimism              0.336    14.618    
                         clock uncertainty           -0.035    14.583    
    SLICE_X2Y8           FDCE (Setup_fdce_C_D)        0.077    14.660    cnt_reg[3]
  -------------------------------------------------------------------
                         required time                         14.660    
                         arrival time                          -6.985    
  -------------------------------------------------------------------
                         slack                                  7.675    

Slack (MET) :             8.014ns  (required time - arrival time)
  Source:                 cnt_reg[3]/C
                            (rising edge-triggered cell FDCE clocked by clk  {rise@0.000ns fall@5.000ns period=10.000ns})
  Destination:            cnt_reg[0]/D
                            (rising edge-triggered cell FDPE clocked by clk  {rise@0.000ns fall@5.000ns period=10.000ns})
  Path Group:             clk
  Path Type:              Setup (Max at Slow Process Corner)
  Requirement:            10.000ns  (clk rise@10.000ns - clk rise@0.000ns)
  Data Path Delay:        1.957ns  (logic 0.766ns (39.139%)  route 1.191ns (60.861%))
  Logic Levels:           2  (LUT2=1 LUT6=1)
  Clock Path Skew:        -0.025ns (DCD - SCD + CPR)
    Destination Clock Delay (DCD):    4.282ns = ( 14.282 - 10.000 ) 
    Source Clock Delay      (SCD):    4.643ns
    Clock Pessimism Removal (CPR):    0.336ns
  Clock Uncertainty:      0.035ns  ((TSJ^2 + TIJ^2)^1/2 + DJ) / 2 + PE
    Total System Jitter     (TSJ):    0.071ns
    Total Input Jitter      (TIJ):    0.000ns
    Discrete Jitter          (DJ):    0.000ns
    Phase Error              (PE):    0.000ns

    Location             Delay type                Incr(ns)  Path(ns)    Netlist Resource(s)
  -------------------------------------------------------------------    -------------------
                         (clock clk rise edge)        0.000     0.000 r  
    M18                                               0.000     0.000 r  clk (IN)
                         net (fo=0)                   0.000     0.000    clk
    M18                  IBUF (Prop_ibuf_I_O)         0.938     0.938 r  clk_IBUF_inst/O
                         net (fo=1, routed)           1.972     2.910    clk_IBUF
    BUFGCTRL_X0Y0        BUFG (Prop_bufg_I_O)         0.096     3.006 r  clk_IBUF_BUFG_inst/O
                         net (fo=10, routed)          1.637     4.643    clk_IBUF_BUFG
    SLICE_X2Y8           FDCE                                         r  cnt_reg[3]/C
  -------------------------------------------------------------------    -------------------
    SLICE_X2Y8           FDCE (Prop_fdce_C_Q)         0.518     5.161 r  cnt_reg[3]/Q
                         net (fo=9, routed)           1.032     6.193    cnt[3]
    SLICE_X0Y8           LUT2 (Prop_lut2_I1_O)        0.124     6.317 r  cnt[0]_i_2/O
                         net (fo=1, routed)           0.159     6.476    cnt[0]_i_2_n_0
    SLICE_X0Y8           LUT6 (Prop_lut6_I4_O)        0.124     6.600 r  cnt[0]_i_1/O
                         net (fo=1, routed)           0.000     6.600    cnt[0]_i_1_n_0
    SLICE_X0Y8           FDPE                                         r  cnt_reg[0]/D
  -------------------------------------------------------------------    -------------------

                         (clock clk rise edge)       10.000    10.000 r  
    M18                                               0.000    10.000 r  clk (IN)
                         net (fo=0)                   0.000    10.000    clk
    M18                  IBUF (Prop_ibuf_I_O)         0.805    10.805 r  clk_IBUF_inst/O
                         net (fo=1, routed)           1.868    12.673    clk_IBUF
    BUFGCTRL_X0Y0        BUFG (Prop_bufg_I_O)         0.091    12.764 r  clk_IBUF_BUFG_inst/O
                         net (fo=10, routed)          1.518    14.282    clk_IBUF_BUFG
    SLICE_X0Y8           FDPE                                         r  cnt_reg[0]/C
                         clock pessimism              0.336    14.618    
                         clock uncertainty           -0.035    14.583    
    SLICE_X0Y8           FDPE (Setup_fdpe_C_D)        0.031    14.614    cnt_reg[0]
  -------------------------------------------------------------------
                         required time                         14.614    
                         arrival time                          -6.600    
  -------------------------------------------------------------------
                         slack                                  8.014    

Slack (MET) :             8.329ns  (required time - arrival time)
  Source:                 cnt_reg[0]/C
                            (rising edge-triggered cell FDPE clocked by clk  {rise@0.000ns fall@5.000ns period=10.000ns})
  Destination:            cnt_reg[2]/D
                            (rising edge-triggered cell FDCE clocked by clk  {rise@0.000ns fall@5.000ns period=10.000ns})
  Path Group:             clk
  Path Type:              Setup (Max at Slow Process Corner)
  Requirement:            10.000ns  (clk rise@10.000ns - clk rise@0.000ns)
  Data Path Delay:        1.661ns  (logic 0.608ns (36.613%)  route 1.053ns (63.386%))
  Logic Levels:           1  (LUT4=1)
  Clock Path Skew:        -0.022ns (DCD - SCD + CPR)
    Destination Clock Delay (DCD):    4.282ns = ( 14.282 - 10.000 ) 
    Source Clock Delay      (SCD):    4.643ns
    Clock Pessimism Removal (CPR):    0.339ns
  Clock Uncertainty:      0.035ns  ((TSJ^2 + TIJ^2)^1/2 + DJ) / 2 + PE
    Total System Jitter     (TSJ):    0.071ns
    Total Input Jitter      (TIJ):    0.000ns
    Discrete Jitter          (DJ):    0.000ns
    Phase Error              (PE):    0.000ns

    Location             Delay type                Incr(ns)  Path(ns)    Netlist Resource(s)
  -------------------------------------------------------------------    -------------------
                         (clock clk rise edge)        0.000     0.000 r  
    M18                                               0.000     0.000 r  clk (IN)
                         net (fo=0)                   0.000     0.000    clk
    M18                  IBUF (Prop_ibuf_I_O)         0.938     0.938 r  clk_IBUF_inst/O
                         net (fo=1, routed)           1.972     2.910    clk_IBUF
    BUFGCTRL_X0Y0        BUFG (Prop_bufg_I_O)         0.096     3.006 r  clk_IBUF_BUFG_inst/O
                         net (fo=10, routed)          1.637     4.643    clk_IBUF_BUFG
    SLICE_X0Y8           FDPE                                         r  cnt_reg[0]/C
  -------------------------------------------------------------------    -------------------
    SLICE_X0Y8           FDPE (Prop_fdpe_C_Q)         0.456     5.099 r  cnt_reg[0]/Q
                         net (fo=9, routed)           1.053     6.152    cnt[0]
    SLICE_X1Y8           LUT4 (Prop_lut4_I2_O)        0.152     6.304 r  cnt[2]_i_1/O
                         net (fo=1, routed)           0.000     6.304    cnt[2]_i_1_n_0
    SLICE_X1Y8           FDCE                                         r  cnt_reg[2]/D
  -------------------------------------------------------------------    -------------------

                         (clock clk rise edge)       10.000    10.000 r  
    M18                                               0.000    10.000 r  clk (IN)
                         net (fo=0)                   0.000    10.000    clk
    M18                  IBUF (Prop_ibuf_I_O)         0.805    10.805 r  clk_IBUF_inst/O
                         net (fo=1, routed)           1.868    12.673    clk_IBUF
    BUFGCTRL_X0Y0        BUFG (Prop_bufg_I_O)         0.091    12.764 r  clk_IBUF_BUFG_inst/O
                         net (fo=10, routed)          1.518    14.282    clk_IBUF_BUFG
    SLICE_X1Y8           FDCE                                         r  cnt_reg[2]/C
                         clock pessimism              0.339    14.621    
                         clock uncertainty           -0.035    14.586    
    SLICE_X1Y8           FDCE (Setup_fdce_C_D)        0.047    14.633    cnt_reg[2]
  -------------------------------------------------------------------
                         required time                         14.633    
                         arrival time                          -6.304    
  -------------------------------------------------------------------
                         slack                                  8.329    





Min Delay Paths
--------------------------------------------------------------------------------------
Slack (MET) :             0.258ns  (arrival time - required time)
  Source:                 cnt_reg[2]/C
                            (rising edge-triggered cell FDCE clocked by clk  {rise@0.000ns fall@5.000ns period=10.000ns})
  Destination:            cnt_reg[2]/D
                            (rising edge-triggered cell FDCE clocked by clk  {rise@0.000ns fall@5.000ns period=10.000ns})
  Path Group:             clk
  Path Type:              Hold (Min at Fast Process Corner)
  Requirement:            0.000ns  (clk rise@0.000ns - clk rise@0.000ns)
  Data Path Delay:        0.363ns  (logic 0.183ns (50.353%)  route 0.180ns (49.647%))
  Logic Levels:           1  (LUT4=1)
  Clock Path Skew:        0.000ns (DCD - SCD - CPR)
    Destination Clock Delay (DCD):    1.938ns
    Source Clock Delay      (SCD):    1.421ns
    Clock Pessimism Removal (CPR):    0.517ns

    Location             Delay type                Incr(ns)  Path(ns)    Netlist Resource(s)
  -------------------------------------------------------------------    -------------------
                         (clock clk rise edge)        0.000     0.000 r  
    M18                                               0.000     0.000 r  clk (IN)
                         net (fo=0)                   0.000     0.000    clk
    M18                  IBUF (Prop_ibuf_I_O)         0.167     0.167 r  clk_IBUF_inst/O
                         net (fo=1, routed)           0.634     0.801    clk_IBUF
    BUFGCTRL_X0Y0        BUFG (Prop_bufg_I_O)         0.026     0.827 r  clk_IBUF_BUFG_inst/O
                         net (fo=10, routed)          0.594     1.421    clk_IBUF_BUFG
    SLICE_X1Y8           FDCE                                         r  cnt_reg[2]/C
  -------------------------------------------------------------------    -------------------
    SLICE_X1Y8           FDCE (Prop_fdce_C_Q)         0.141     1.562 r  cnt_reg[2]/Q
                         net (fo=9, routed)           0.180     1.742    cnt[2]
    SLICE_X1Y8           LUT4 (Prop_lut4_I3_O)        0.042     1.784 r  cnt[2]_i_1/O
                         net (fo=1, routed)           0.000     1.784    cnt[2]_i_1_n_0
    SLICE_X1Y8           FDCE                                         r  cnt_reg[2]/D
  -------------------------------------------------------------------    -------------------

                         (clock clk rise edge)        0.000     0.000 r  
    M18                                               0.000     0.000 r  clk (IN)
                         net (fo=0)                   0.000     0.000    clk
    M18                  IBUF (Prop_ibuf_I_O)         0.356     0.356 r  clk_IBUF_inst/O
                         net (fo=1, routed)           0.689     1.044    clk_IBUF
    BUFGCTRL_X0Y0        BUFG (Prop_bufg_I_O)         0.029     1.073 r  clk_IBUF_BUFG_inst/O
                         net (fo=10, routed)          0.865     1.938    clk_IBUF_BUFG
    SLICE_X1Y8           FDCE                                         r  cnt_reg[2]/C
                         clock pessimism             -0.517     1.421    
    SLICE_X1Y8           FDCE (Hold_fdce_C_D)         0.105     1.526    cnt_reg[2]
  -------------------------------------------------------------------
                         required time                         -1.526    
                         arrival time                           1.784    
  -------------------------------------------------------------------
                         slack                                  0.258    

Slack (MET) :             0.274ns  (arrival time - required time)
  Source:                 cnt_reg[2]/C
                            (rising edge-triggered cell FDCE clocked by clk  {rise@0.000ns fall@5.000ns period=10.000ns})
  Destination:            cnt_reg[3]/D
                            (rising edge-triggered cell FDCE clocked by clk  {rise@0.000ns fall@5.000ns period=10.000ns})
  Path Group:             clk
  Path Type:              Hold (Min at Fast Process Corner)
  Requirement:            0.000ns  (clk rise@0.000ns - clk rise@0.000ns)
  Data Path Delay:        0.410ns  (logic 0.186ns (45.324%)  route 0.224ns (54.676%))
  Logic Levels:           1  (LUT6=1)
  Clock Path Skew:        0.016ns (DCD - SCD - CPR)
    Destination Clock Delay (DCD):    1.938ns
    Source Clock Delay      (SCD):    1.421ns
    Clock Pessimism Removal (CPR):    0.501ns

    Location             Delay type                Incr(ns)  Path(ns)    Netlist Resource(s)
  -------------------------------------------------------------------    -------------------
                         (clock clk rise edge)        0.000     0.000 r  
    M18                                               0.000     0.000 r  clk (IN)
                         net (fo=0)                   0.000     0.000    clk
    M18                  IBUF (Prop_ibuf_I_O)         0.167     0.167 r  clk_IBUF_inst/O
                         net (fo=1, routed)           0.634     0.801    clk_IBUF
    BUFGCTRL_X0Y0        BUFG (Prop_bufg_I_O)         0.026     0.827 r  clk_IBUF_BUFG_inst/O
                         net (fo=10, routed)          0.594     1.421    clk_IBUF_BUFG
    SLICE_X1Y8           FDCE                                         r  cnt_reg[2]/C
  -------------------------------------------------------------------    -------------------
    SLICE_X1Y8           FDCE (Prop_fdce_C_Q)         0.141     1.562 r  cnt_reg[2]/Q
                         net (fo=9, routed)           0.224     1.786    cnt[2]
    SLICE_X2Y8           LUT6 (Prop_lut6_I4_O)        0.045     1.831 r  cnt[3]_i_1/O
                         net (fo=1, routed)           0.000     1.831    cnt[3]_i_1_n_0
    SLICE_X2Y8           FDCE                                         r  cnt_reg[3]/D
  -------------------------------------------------------------------    -------------------

                         (clock clk rise edge)        0.000     0.000 r  
    M18                                               0.000     0.000 r  clk (IN)
                         net (fo=0)                   0.000     0.000    clk
    M18                  IBUF (Prop_ibuf_I_O)         0.356     0.356 r  clk_IBUF_inst/O
                         net (fo=1, routed)           0.689     1.044    clk_IBUF
    BUFGCTRL_X0Y0        BUFG (Prop_bufg_I_O)         0.029     1.073 r  clk_IBUF_BUFG_inst/O
                         net (fo=10, routed)          0.865     1.938    clk_IBUF_BUFG
    SLICE_X2Y8           FDCE                                         r  cnt_reg[3]/C
                         clock pessimism             -0.501     1.437    
    SLICE_X2Y8           FDCE (Hold_fdce_C_D)         0.120     1.557    cnt_reg[3]
  -------------------------------------------------------------------
                         required time                         -1.557    
                         arrival time                           1.831    
  -------------------------------------------------------------------
                         slack                                  0.274    

Slack (MET) :             0.275ns  (arrival time - required time)
  Source:                 cnt_reg[1]/C
                            (rising edge-triggered cell FDCE clocked by clk  {rise@0.000ns fall@5.000ns period=10.000ns})
  Destination:            cnt_reg[1]/D
                            (rising edge-triggered cell FDCE clocked by clk  {rise@0.000ns fall@5.000ns period=10.000ns})
  Path Group:             clk
  Path Type:              Hold (Min at Fast Process Corner)
  Requirement:            0.000ns  (clk rise@0.000ns - clk rise@0.000ns)
  Data Path Delay:        0.366ns  (logic 0.186ns (50.768%)  route 0.180ns (49.232%))
  Logic Levels:           1  (LUT6=1)
  Clock Path Skew:        0.000ns (DCD - SCD - CPR)
    Destination Clock Delay (DCD):    1.938ns
    Source Clock Delay      (SCD):    1.421ns
    Clock Pessimism Removal (CPR):    0.517ns

    Location             Delay type                Incr(ns)  Path(ns)    Netlist Resource(s)
  -------------------------------------------------------------------    -------------------
                         (clock clk rise edge)        0.000     0.000 r  
    M18                                               0.000     0.000 r  clk (IN)
                         net (fo=0)                   0.000     0.000    clk
    M18                  IBUF (Prop_ibuf_I_O)         0.167     0.167 r  clk_IBUF_inst/O
                         net (fo=1, routed)           0.634     0.801    clk_IBUF
    BUFGCTRL_X0Y0        BUFG (Prop_bufg_I_O)         0.026     0.827 r  clk_IBUF_BUFG_inst/O
                         net (fo=10, routed)          0.594     1.421    clk_IBUF_BUFG
    SLICE_X1Y9           FDCE                                         r  cnt_reg[1]/C
  -------------------------------------------------------------------    -------------------
    SLICE_X1Y9           FDCE (Prop_fdce_C_Q)         0.141     1.562 r  cnt_reg[1]/Q
                         net (fo=9, routed)           0.180     1.742    cnt[1]
    SLICE_X1Y9           LUT6 (Prop_lut6_I4_O)        0.045     1.787 r  cnt[1]_i_1/O
                         net (fo=1, routed)           0.000     1.787    cnt[1]_i_1_n_0
    SLICE_X1Y9           FDCE                                         r  cnt_reg[1]/D
  -------------------------------------------------------------------    -------------------

                         (clock clk rise edge)        0.000     0.000 r  
    M18                                               0.000     0.000 r  clk (IN)
                         net (fo=0)                   0.000     0.000    clk
    M18                  IBUF (Prop_ibuf_I_O)         0.356     0.356 r  clk_IBUF_inst/O
                         net (fo=1, routed)           0.689     1.044    clk_IBUF
    BUFGCTRL_X0Y0        BUFG (Prop_bufg_I_O)         0.029     1.073 r  clk_IBUF_BUFG_inst/O
                         net (fo=10, routed)          0.865     1.938    clk_IBUF_BUFG
    SLICE_X1Y9           FDCE                                         r  cnt_reg[1]/C
                         clock pessimism             -0.517     1.421    
    SLICE_X1Y9           FDCE (Hold_fdce_C_D)         0.091     1.512    cnt_reg[1]
  -------------------------------------------------------------------
                         required time                         -1.512    
                         arrival time                           1.787    
  -------------------------------------------------------------------
                         slack                                  0.275    

Slack (MET) :             0.321ns  (arrival time - required time)
  Source:                 cnt_reg[1]/C
                            (rising edge-triggered cell FDCE clocked by clk  {rise@0.000ns fall@5.000ns period=10.000ns})
  Destination:            cnt_reg[0]/D
                            (rising edge-triggered cell FDPE clocked by clk  {rise@0.000ns fall@5.000ns period=10.000ns})
  Path Group:             clk
  Path Type:              Hold (Min at Fast Process Corner)
  Requirement:            0.000ns  (clk rise@0.000ns - clk rise@0.000ns)
  Data Path Delay:        0.429ns  (logic 0.186ns (43.319%)  route 0.243ns (56.681%))
  Logic Levels:           1  (LUT6=1)
  Clock Path Skew:        0.016ns (DCD - SCD - CPR)
    Destination Clock Delay (DCD):    1.938ns
    Source Clock Delay      (SCD):    1.421ns
    Clock Pessimism Removal (CPR):    0.501ns

    Location             Delay type                Incr(ns)  Path(ns)    Netlist Resource(s)
  -------------------------------------------------------------------    -------------------
                         (clock clk rise edge)        0.000     0.000 r  
    M18                                               0.000     0.000 r  clk (IN)
                         net (fo=0)                   0.000     0.000    clk
    M18                  IBUF (Prop_ibuf_I_O)         0.167     0.167 r  clk_IBUF_inst/O
                         net (fo=1, routed)           0.634     0.801    clk_IBUF
    BUFGCTRL_X0Y0        BUFG (Prop_bufg_I_O)         0.026     0.827 r  clk_IBUF_BUFG_inst/O
                         net (fo=10, routed)          0.594     1.421    clk_IBUF_BUFG
    SLICE_X1Y9           FDCE                                         r  cnt_reg[1]/C
  -------------------------------------------------------------------    -------------------
    SLICE_X1Y9           FDCE (Prop_fdce_C_Q)         0.141     1.562 r  cnt_reg[1]/Q
                         net (fo=9, routed)           0.243     1.805    cnt[1]
    SLICE_X0Y8           LUT6 (Prop_lut6_I3_O)        0.045     1.850 r  cnt[0]_i_1/O
                         net (fo=1, routed)           0.000     1.850    cnt[0]_i_1_n_0
    SLICE_X0Y8           FDPE                                         r  cnt_reg[0]/D
  -------------------------------------------------------------------    -------------------

                         (clock clk rise edge)        0.000     0.000 r  
    M18                                               0.000     0.000 r  clk (IN)
                         net (fo=0)                   0.000     0.000    clk
    M18                  IBUF (Prop_ibuf_I_O)         0.356     0.356 r  clk_IBUF_inst/O
                         net (fo=1, routed)           0.689     1.044    clk_IBUF
    BUFGCTRL_X0Y0        BUFG (Prop_bufg_I_O)         0.029     1.073 r  clk_IBUF_BUFG_inst/O
                         net (fo=10, routed)          0.865     1.938    clk_IBUF_BUFG
    SLICE_X0Y8           FDPE                                         r  cnt_reg[0]/C
                         clock pessimism             -0.501     1.437    
    SLICE_X0Y8           FDPE (Hold_fdpe_C_D)         0.092     1.529    cnt_reg[0]
  -------------------------------------------------------------------
                         required time                         -1.529    
                         arrival time                           1.850    
  -------------------------------------------------------------------
                         slack                                  0.321    

Slack (MET) :             0.372ns  (arrival time - required time)
  Source:                 last_reg[2]/C
                            (rising edge-triggered cell FDPE clocked by clk  {rise@0.000ns fall@5.000ns period=10.000ns})
  Destination:            last_reg[2]/D
                            (rising edge-triggered cell FDPE clocked by clk  {rise@0.000ns fall@5.000ns period=10.000ns})
  Path Group:             clk
  Path Type:              Hold (Min at Fast Process Corner)
  Requirement:            0.000ns  (clk rise@0.000ns - clk rise@0.000ns)
  Data Path Delay:        0.464ns  (logic 0.186ns (40.105%)  route 0.278ns (59.895%))
  Logic Levels:           1  (LUT6=1)
  Clock Path Skew:        0.000ns (DCD - SCD - CPR)
    Destination Clock Delay (DCD):    1.938ns
    Source Clock Delay      (SCD):    1.421ns
    Clock Pessimism Removal (CPR):    0.517ns

    Location             Delay type                Incr(ns)  Path(ns)    Netlist Resource(s)
  -------------------------------------------------------------------    -------------------
                         (clock clk rise edge)        0.000     0.000 r  
    M18                                               0.000     0.000 r  clk (IN)
                         net (fo=0)                   0.000     0.000    clk
    M18                  IBUF (Prop_ibuf_I_O)         0.167     0.167 r  clk_IBUF_inst/O
                         net (fo=1, routed)           0.634     0.801    clk_IBUF
    BUFGCTRL_X0Y0        BUFG (Prop_bufg_I_O)         0.026     0.827 r  clk_IBUF_BUFG_inst/O
                         net (fo=10, routed)          0.594     1.421    clk_IBUF_BUFG
    SLICE_X1Y9           FDPE                                         r  last_reg[2]/C
  -------------------------------------------------------------------    -------------------
    SLICE_X1Y9           FDPE (Prop_fdpe_C_Q)         0.141     1.562 r  last_reg[2]/Q
                         net (fo=30, routed)          0.278     1.840    l[2]
    SLICE_X1Y9           LUT6 (Prop_lut6_I5_O)        0.045     1.885 r  last[2]_i_1/O
                         net (fo=1, routed)           0.000     1.885    last[2]_i_1_n_0
    SLICE_X1Y9           FDPE                                         r  last_reg[2]/D
  -------------------------------------------------------------------    -------------------

                         (clock clk rise edge)        0.000     0.000 r  
    M18                                               0.000     0.000 r  clk (IN)
                         net (fo=0)                   0.000     0.000    clk
    M18                  IBUF (Prop_ibuf_I_O)         0.356     0.356 r  clk_IBUF_inst/O
                         net (fo=1, routed)           0.689     1.044    clk_IBUF
    BUFGCTRL_X0Y0        BUFG (Prop_bufg_I_O)         0.029     1.073 r  clk_IBUF_BUFG_inst/O
                         net (fo=10, routed)          0.865     1.938    clk_IBUF_BUFG
    SLICE_X1Y9           FDPE                                         r  last_reg[2]/C
                         clock pessimism             -0.517     1.421    
    SLICE_X1Y9           FDPE (Hold_fdpe_C_D)         0.092     1.513    last_reg[2]
  -------------------------------------------------------------------
                         required time                         -1.513    
                         arrival time                           1.885    
  -------------------------------------------------------------------
                         slack                                  0.372    

Slack (MET) :             0.381ns  (arrival time - required time)
  Source:                 last_reg[0]/C
                            (rising edge-triggered cell FDCE clocked by clk  {rise@0.000ns fall@5.000ns period=10.000ns})
  Destination:            last_reg[0]/D
                            (rising edge-triggered cell FDCE clocked by clk  {rise@0.000ns fall@5.000ns period=10.000ns})
  Path Group:             clk
  Path Type:              Hold (Min at Fast Process Corner)
  Requirement:            0.000ns  (clk rise@0.000ns - clk rise@0.000ns)
  Data Path Delay:        0.502ns  (logic 0.209ns (41.633%)  route 0.293ns (58.367%))
  Logic Levels:           1  (LUT5=1)
  Clock Path Skew:        0.000ns (DCD - SCD - CPR)
    Destination Clock Delay (DCD):    1.938ns
    Source Clock Delay      (SCD):    1.421ns
    Clock Pessimism Removal (CPR):    0.517ns

    Location             Delay type                Incr(ns)  Path(ns)    Netlist Resource(s)
  -------------------------------------------------------------------    -------------------
                         (clock clk rise edge)        0.000     0.000 r  
    M18                                               0.000     0.000 r  clk (IN)
                         net (fo=0)                   0.000     0.000    clk
    M18                  IBUF (Prop_ibuf_I_O)         0.167     0.167 r  clk_IBUF_inst/O
                         net (fo=1, routed)           0.634     0.801    clk_IBUF
    BUFGCTRL_X0Y0        BUFG (Prop_bufg_I_O)         0.026     0.827 r  clk_IBUF_BUFG_inst/O
                         net (fo=10, routed)          0.594     1.421    clk_IBUF_BUFG
    SLICE_X2Y8           FDCE                                         r  last_reg[0]/C
  -------------------------------------------------------------------    -------------------
    SLICE_X2Y8           FDCE (Prop_fdce_C_Q)         0.164     1.585 r  last_reg[0]/Q
                         net (fo=30, routed)          0.293     1.878    l[0]
    SLICE_X2Y8           LUT5 (Prop_lut5_I4_O)        0.045     1.923 r  last[0]_i_1/O
                         net (fo=1, routed)           0.000     1.923    last[0]_i_1_n_0
    SLICE_X2Y8           FDCE                                         r  last_reg[0]/D
  -------------------------------------------------------------------    -------------------

                         (clock clk rise edge)        0.000     0.000 r  
    M18                                               0.000     0.000 r  clk (IN)
                         net (fo=0)                   0.000     0.000    clk
    M18                  IBUF (Prop_ibuf_I_O)         0.356     0.356 r  clk_IBUF_inst/O
                         net (fo=1, routed)           0.689     1.044    clk_IBUF
    BUFGCTRL_X0Y0        BUFG (Prop_bufg_I_O)         0.029     1.073 r  clk_IBUF_BUFG_inst/O
                         net (fo=10, routed)          0.865     1.938    clk_IBUF_BUFG
    SLICE_X2Y8           FDCE                                         r  last_reg[0]/C
                         clock pessimism             -0.517     1.421    
    SLICE_X2Y8           FDCE (Hold_fdce_C_D)         0.121     1.542    last_reg[0]
  -------------------------------------------------------------------
                         required time                         -1.542    
                         arrival time                           1.923    
  -------------------------------------------------------------------
                         slack                                  0.381    

Slack (MET) :             0.405ns  (arrival time - required time)
  Source:                 state_reg[0]/C
                            (rising edge-triggered cell FDCE clocked by clk  {rise@0.000ns fall@5.000ns period=10.000ns})
  Destination:            state_reg[1]/D
                            (rising edge-triggered cell FDCE clocked by clk  {rise@0.000ns fall@5.000ns period=10.000ns})
  Path Group:             clk
  Path Type:              Hold (Min at Fast Process Corner)
  Requirement:            0.000ns  (clk rise@0.000ns - clk rise@0.000ns)
  Data Path Delay:        0.512ns  (logic 0.254ns (49.625%)  route 0.258ns (50.375%))
  Logic Levels:           2  (LUT6=2)
  Clock Path Skew:        0.016ns (DCD - SCD - CPR)
    Destination Clock Delay (DCD):    1.937ns
    Source Clock Delay      (SCD):    1.420ns
    Clock Pessimism Removal (CPR):    0.501ns

    Location             Delay type                Incr(ns)  Path(ns)    Netlist Resource(s)
  -------------------------------------------------------------------    -------------------
                         (clock clk rise edge)        0.000     0.000 r  
    M18                                               0.000     0.000 r  clk (IN)
                         net (fo=0)                   0.000     0.000    clk
    M18                  IBUF (Prop_ibuf_I_O)         0.167     0.167 r  clk_IBUF_inst/O
                         net (fo=1, routed)           0.634     0.801    clk_IBUF
    BUFGCTRL_X0Y0        BUFG (Prop_bufg_I_O)         0.026     0.827 r  clk_IBUF_BUFG_inst/O
                         net (fo=10, routed)          0.593     1.420    clk_IBUF_BUFG
    SLICE_X2Y10          FDCE                                         r  state_reg[0]/C
  -------------------------------------------------------------------    -------------------
    SLICE_X2Y10          FDCE (Prop_fdce_C_Q)         0.164     1.584 r  state_reg[0]/Q
                         net (fo=19, routed)          0.149     1.733    state[0]
    SLICE_X2Y9           LUT6 (Prop_lut6_I4_O)        0.045     1.778 r  state[1]_i_2/O
                         net (fo=2, routed)           0.108     1.887    state[1]_i_2_n_0
    SLICE_X1Y10          LUT6 (Prop_lut6_I0_O)        0.045     1.932 r  state[1]_i_1/O
                         net (fo=1, routed)           0.000     1.932    state[1]_i_1_n_0
    SLICE_X1Y10          FDCE                                         r  state_reg[1]/D
  -------------------------------------------------------------------    -------------------

                         (clock clk rise edge)        0.000     0.000 r  
    M18                                               0.000     0.000 r  clk (IN)
                         net (fo=0)                   0.000     0.000    clk
    M18                  IBUF (Prop_ibuf_I_O)         0.356     0.356 r  clk_IBUF_inst/O
                         net (fo=1, routed)           0.689     1.044    clk_IBUF
    BUFGCTRL_X0Y0        BUFG (Prop_bufg_I_O)         0.029     1.073 r  clk_IBUF_BUFG_inst/O
                         net (fo=10, routed)          0.864     1.937    clk_IBUF_BUFG
    SLICE_X1Y10          FDCE                                         r  state_reg[1]/C
                         clock pessimism             -0.501     1.436    
    SLICE_X1Y10          FDCE (Hold_fdce_C_D)         0.091     1.527    state_reg[1]
  -------------------------------------------------------------------
                         required time                         -1.527    
                         arrival time                           1.932    
  -------------------------------------------------------------------
                         slack                                  0.405    

Slack (MET) :             0.406ns  (arrival time - required time)
  Source:                 state_reg[0]/C
                            (rising edge-triggered cell FDCE clocked by clk  {rise@0.000ns fall@5.000ns period=10.000ns})
  Destination:            last_reg[1]/D
                            (rising edge-triggered cell FDPE clocked by clk  {rise@0.000ns fall@5.000ns period=10.000ns})
  Path Group:             clk
  Path Type:              Hold (Min at Fast Process Corner)
  Requirement:            0.000ns  (clk rise@0.000ns - clk rise@0.000ns)
  Data Path Delay:        0.526ns  (logic 0.254ns (48.320%)  route 0.272ns (51.680%))
  Logic Levels:           2  (LUT6=2)
  Clock Path Skew:        0.000ns (DCD - SCD - CPR)
    Destination Clock Delay (DCD):    1.937ns
    Source Clock Delay      (SCD):    1.420ns
    Clock Pessimism Removal (CPR):    0.517ns

    Location             Delay type                Incr(ns)  Path(ns)    Netlist Resource(s)
  -------------------------------------------------------------------    -------------------
                         (clock clk rise edge)        0.000     0.000 r  
    M18                                               0.000     0.000 r  clk (IN)
                         net (fo=0)                   0.000     0.000    clk
    M18                  IBUF (Prop_ibuf_I_O)         0.167     0.167 r  clk_IBUF_inst/O
                         net (fo=1, routed)           0.634     0.801    clk_IBUF
    BUFGCTRL_X0Y0        BUFG (Prop_bufg_I_O)         0.026     0.827 r  clk_IBUF_BUFG_inst/O
                         net (fo=10, routed)          0.593     1.420    clk_IBUF_BUFG
    SLICE_X2Y10          FDCE                                         r  state_reg[0]/C
  -------------------------------------------------------------------    -------------------
    SLICE_X2Y10          FDCE (Prop_fdce_C_Q)         0.164     1.584 r  state_reg[0]/Q
                         net (fo=19, routed)          0.149     1.733    state[0]
    SLICE_X2Y9           LUT6 (Prop_lut6_I4_O)        0.045     1.778 r  state[1]_i_2/O
                         net (fo=2, routed)           0.122     1.900    state[1]_i_2_n_0
    SLICE_X2Y10          LUT6 (Prop_lut6_I0_O)        0.045     1.945 r  last[1]_i_1/O
                         net (fo=1, routed)           0.000     1.945    last[1]_i_1_n_0
    SLICE_X2Y10          FDPE                                         r  last_reg[1]/D
  -------------------------------------------------------------------    -------------------

                         (clock clk rise edge)        0.000     0.000 r  
    M18                                               0.000     0.000 r  clk (IN)
                         net (fo=0)                   0.000     0.000    clk
    M18                  IBUF (Prop_ibuf_I_O)         0.356     0.356 r  clk_IBUF_inst/O
                         net (fo=1, routed)           0.689     1.044    clk_IBUF
    BUFGCTRL_X0Y0        BUFG (Prop_bufg_I_O)         0.029     1.073 r  clk_IBUF_BUFG_inst/O
                         net (fo=10, routed)          0.864     1.937    clk_IBUF_BUFG
    SLICE_X2Y10          FDPE                                         r  last_reg[1]/C
                         clock pessimism             -0.517     1.420    
    SLICE_X2Y10          FDPE (Hold_fdpe_C_D)         0.120     1.540    last_reg[1]
  -------------------------------------------------------------------
                         required time                         -1.540    
                         arrival time                           1.945    
  -------------------------------------------------------------------
                         slack                                  0.406    

Slack (MET) :             0.451ns  (arrival time - required time)
  Source:                 cnt_reg[2]/C
                            (rising edge-triggered cell FDCE clocked by clk  {rise@0.000ns fall@5.000ns period=10.000ns})
  Destination:            state_reg[2]/D
                            (rising edge-triggered cell FDCE clocked by clk  {rise@0.000ns fall@5.000ns period=10.000ns})
  Path Group:             clk
  Path Type:              Hold (Min at Fast Process Corner)
  Requirement:            0.000ns  (clk rise@0.000ns - clk rise@0.000ns)
  Data Path Delay:        0.558ns  (logic 0.231ns (41.370%)  route 0.327ns (58.630%))
  Logic Levels:           2  (LUT5=1 LUT6=1)
  Clock Path Skew:        0.016ns (DCD - SCD - CPR)
    Destination Clock Delay (DCD):    1.938ns
    Source Clock Delay      (SCD):    1.421ns
    Clock Pessimism Removal (CPR):    0.501ns

    Location             Delay type                Incr(ns)  Path(ns)    Netlist Resource(s)
  -------------------------------------------------------------------    -------------------
                         (clock clk rise edge)        0.000     0.000 r  
    M18                                               0.000     0.000 r  clk (IN)
                         net (fo=0)                   0.000     0.000    clk
    M18                  IBUF (Prop_ibuf_I_O)         0.167     0.167 r  clk_IBUF_inst/O
                         net (fo=1, routed)           0.634     0.801    clk_IBUF
    BUFGCTRL_X0Y0        BUFG (Prop_bufg_I_O)         0.026     0.827 r  clk_IBUF_BUFG_inst/O
                         net (fo=10, routed)          0.594     1.421    clk_IBUF_BUFG
    SLICE_X1Y8           FDCE                                         r  cnt_reg[2]/C
  -------------------------------------------------------------------    -------------------
    SLICE_X1Y8           FDCE (Prop_fdce_C_Q)         0.141     1.562 f  cnt_reg[2]/Q
                         net (fo=9, routed)           0.156     1.717    cnt[2]
    SLICE_X2Y8           LUT5 (Prop_lut5_I3_O)        0.045     1.762 f  state[2]_i_7/O
                         net (fo=11, routed)          0.172     1.934    state[2]_i_7_n_0
    SLICE_X3Y9           LUT6 (Prop_lut6_I5_O)        0.045     1.979 r  state[2]_i_1/O
                         net (fo=1, routed)           0.000     1.979    state[2]_i_1_n_0
    SLICE_X3Y9           FDCE                                         r  state_reg[2]/D
  -------------------------------------------------------------------    -------------------

                         (clock clk rise edge)        0.000     0.000 r  
    M18                                               0.000     0.000 r  clk (IN)
                         net (fo=0)                   0.000     0.000    clk
    M18                  IBUF (Prop_ibuf_I_O)         0.356     0.356 r  clk_IBUF_inst/O
                         net (fo=1, routed)           0.689     1.044    clk_IBUF
    BUFGCTRL_X0Y0        BUFG (Prop_bufg_I_O)         0.029     1.073 r  clk_IBUF_BUFG_inst/O
                         net (fo=10, routed)          0.865     1.938    clk_IBUF_BUFG
    SLICE_X3Y9           FDCE                                         r  state_reg[2]/C
                         clock pessimism             -0.501     1.437    
    SLICE_X3Y9           FDCE (Hold_fdce_C_D)         0.091     1.528    state_reg[2]
  -------------------------------------------------------------------
                         required time                         -1.528    
                         arrival time                           1.979    
  -------------------------------------------------------------------
                         slack                                  0.451    

Slack (MET) :             0.571ns  (arrival time - required time)
  Source:                 cnt_reg[0]/C
                            (rising edge-triggered cell FDPE clocked by clk  {rise@0.000ns fall@5.000ns period=10.000ns})
  Destination:            state_reg[0]/D
                            (rising edge-triggered cell FDCE clocked by clk  {rise@0.000ns fall@5.000ns period=10.000ns})
  Path Group:             clk
  Path Type:              Hold (Min at Fast Process Corner)
  Requirement:            0.000ns  (clk rise@0.000ns - clk rise@0.000ns)
  Data Path Delay:        0.707ns  (logic 0.231ns (32.670%)  route 0.476ns (67.330%))
  Logic Levels:           2  (LUT6=2)
  Clock Path Skew:        0.015ns (DCD - SCD - CPR)
    Destination Clock Delay (DCD):    1.937ns
    Source Clock Delay      (SCD):    1.421ns
    Clock Pessimism Removal (CPR):    0.501ns

    Location             Delay type                Incr(ns)  Path(ns)    Netlist Resource(s)
  -------------------------------------------------------------------    -------------------
                         (clock clk rise edge)        0.000     0.000 r  
    M18                                               0.000     0.000 r  clk (IN)
                         net (fo=0)                   0.000     0.000    clk
    M18                  IBUF (Prop_ibuf_I_O)         0.167     0.167 r  clk_IBUF_inst/O
                         net (fo=1, routed)           0.634     0.801    clk_IBUF
    BUFGCTRL_X0Y0        BUFG (Prop_bufg_I_O)         0.026     0.827 r  clk_IBUF_BUFG_inst/O
                         net (fo=10, routed)          0.594     1.421    clk_IBUF_BUFG
    SLICE_X0Y8           FDPE                                         r  cnt_reg[0]/C
  -------------------------------------------------------------------    -------------------
    SLICE_X0Y8           FDPE (Prop_fdpe_C_Q)         0.141     1.562 f  cnt_reg[0]/Q
                         net (fo=9, routed)           0.191     1.753    cnt[0]
    SLICE_X1Y8           LUT6 (Prop_lut6_I3_O)        0.045     1.798 f  state[0]_i_4/O
                         net (fo=5, routed)           0.285     2.083    state[0]_i_4_n_0
    SLICE_X2Y10          LUT6 (Prop_lut6_I3_O)        0.045     2.128 r  state[0]_i_1/O
                         net (fo=1, routed)           0.000     2.128    state[0]_i_1_n_0
    SLICE_X2Y10          FDCE                                         r  state_reg[0]/D
  -------------------------------------------------------------------    -------------------

                         (clock clk rise edge)        0.000     0.000 r  
    M18                                               0.000     0.000 r  clk (IN)
                         net (fo=0)                   0.000     0.000    clk
    M18                  IBUF (Prop_ibuf_I_O)         0.356     0.356 r  clk_IBUF_inst/O
                         net (fo=1, routed)           0.689     1.044    clk_IBUF
    BUFGCTRL_X0Y0        BUFG (Prop_bufg_I_O)         0.029     1.073 r  clk_IBUF_BUFG_inst/O
                         net (fo=10, routed)          0.864     1.937    clk_IBUF_BUFG
    SLICE_X2Y10          FDCE                                         r  state_reg[0]/C
                         clock pessimism             -0.501     1.436    
    SLICE_X2Y10          FDCE (Hold_fdce_C_D)         0.121     1.557    state_reg[0]
  -------------------------------------------------------------------
                         required time                         -1.557    
                         arrival time                           2.128    
  -------------------------------------------------------------------
                         slack                                  0.571    





Pulse Width Checks
--------------------------------------------------------------------------------------
Clock Name:         clk
Waveform(ns):       { 0.000 5.000 }
Period(ns):         10.000
Sources:            { clk }

Check Type        Corner  Lib Pin  Reference Pin  Required(ns)  Actual(ns)  Slack(ns)  Location       Pin
Min Period        n/a     BUFG/I   n/a            2.155         10.000      7.845      BUFGCTRL_X0Y0  clk_IBUF_BUFG_inst/I
Min Period        n/a     FDPE/C   n/a            1.000         10.000      9.000      SLICE_X0Y8     cnt_reg[0]/C
Min Period        n/a     FDCE/C   n/a            1.000         10.000      9.000      SLICE_X1Y9     cnt_reg[1]/C
Min Period        n/a     FDCE/C   n/a            1.000         10.000      9.000      SLICE_X1Y8     cnt_reg[2]/C
Min Period        n/a     FDCE/C   n/a            1.000         10.000      9.000      SLICE_X2Y8     cnt_reg[3]/C
Min Period        n/a     FDCE/C   n/a            1.000         10.000      9.000      SLICE_X2Y8     last_reg[0]/C
Min Period        n/a     FDPE/C   n/a            1.000         10.000      9.000      SLICE_X2Y10    last_reg[1]/C
Min Period        n/a     FDPE/C   n/a            1.000         10.000      9.000      SLICE_X1Y9     last_reg[2]/C
Min Period        n/a     FDCE/C   n/a            1.000         10.000      9.000      SLICE_X2Y10    state_reg[0]/C
Min Period        n/a     FDCE/C   n/a            1.000         10.000      9.000      SLICE_X1Y10    state_reg[1]/C
Low Pulse Width   Slow    FDPE/C   n/a            0.500         5.000       4.500      SLICE_X0Y8     cnt_reg[0]/C
Low Pulse Width   Fast    FDPE/C   n/a            0.500         5.000       4.500      SLICE_X0Y8     cnt_reg[0]/C
Low Pulse Width   Slow    FDCE/C   n/a            0.500         5.000       4.500      SLICE_X1Y9     cnt_reg[1]/C
Low Pulse Width   Fast    FDCE/C   n/a            0.500         5.000       4.500      SLICE_X1Y9     cnt_reg[1]/C
Low Pulse Width   Slow    FDCE/C   n/a            0.500         5.000       4.500      SLICE_X1Y8     cnt_reg[2]/C
Low Pulse Width   Fast    FDCE/C   n/a            0.500         5.000       4.500      SLICE_X1Y8     cnt_reg[2]/C
Low Pulse Width   Slow    FDCE/C   n/a            0.500         5.000       4.500      SLICE_X2Y8     cnt_reg[3]/C
Low Pulse Width   Fast    FDCE/C   n/a            0.500         5.000       4.500      SLICE_X2Y8     cnt_reg[3]/C
Low Pulse Width   Slow    FDCE/C   n/a            0.500         5.000       4.500      SLICE_X2Y8     last_reg[0]/C
Low Pulse Width   Fast    FDCE/C   n/a            0.500         5.000       4.500      SLICE_X2Y8     last_reg[0]/C
High Pulse Width  Slow    FDPE/C   n/a            0.500         5.000       4.500      SLICE_X0Y8     cnt_reg[0]/C
High Pulse Width  Fast    FDPE/C   n/a            0.500         5.000       4.500      SLICE_X0Y8     cnt_reg[0]/C
High Pulse Width  Slow    FDCE/C   n/a            0.500         5.000       4.500      SLICE_X1Y9     cnt_reg[1]/C
High Pulse Width  Fast    FDCE/C   n/a            0.500         5.000       4.500      SLICE_X1Y9     cnt_reg[1]/C
High Pulse Width  Slow    FDCE/C   n/a            0.500         5.000       4.500      SLICE_X1Y8     cnt_reg[2]/C
High Pulse Width  Fast    FDCE/C   n/a            0.500         5.000       4.500      SLICE_X1Y8     cnt_reg[2]/C
High Pulse Width  Slow    FDCE/C   n/a            0.500         5.000       4.500      SLICE_X2Y8     cnt_reg[3]/C
High Pulse Width  Fast    FDCE/C   n/a            0.500         5.000       4.500      SLICE_X2Y8     cnt_reg[3]/C
High Pulse Width  Slow    FDCE/C   n/a            0.500         5.000       4.500      SLICE_X2Y8     last_reg[0]/C
High Pulse Width  Fast    FDCE/C   n/a            0.500         5.000       4.500      SLICE_X2Y8     last_reg[0]/C



--------------------------------------------------------------------------------------
Path Group:  (none)
From Clock:  
  To Clock:  

Max Delay             2 Endpoints
Min Delay             2 Endpoints
--------------------------------------------------------------------------------------


Max Delay Paths
--------------------------------------------------------------------------------------
Slack:                    inf
  Source:                 yield_en
                            (input port)
  Destination:            B_free_left
                            (output port)
  Path Group:             (none)
  Path Type:              Max at Slow Process Corner
  Data Path Delay:        7.197ns  (logic 3.905ns (54.260%)  route 3.292ns (45.740%))
  Logic Levels:           3  (IBUF=1 LUT4=1 OBUF=1)

    Location             Delay type                Incr(ns)  Path(ns)    Netlist Resource(s)
  -------------------------------------------------------------------    -------------------
    V19                                               0.000     0.000 r  yield_en (IN)
                         net (fo=0)                   0.000     0.000    yield_en
    V19                  IBUF (Prop_ibuf_I_O)         0.939     0.939 r  yield_en_IBUF_inst/O
                         net (fo=2, routed)           1.480     2.419    yield_en_IBUF
    SLICE_X0Y10          LUT4 (Prop_lut4_I0_O)        0.150     2.569 r  B_free_left_OBUF_inst_i_1/O
                         net (fo=1, routed)           1.812     4.381    B_free_left_OBUF
    V15                  OBUF (Prop_obuf_I_O)         2.816     7.197 r  B_free_left_OBUF_inst/O
                         net (fo=0)                   0.000     7.197    B_free_left
    V15                                                               r  B_free_left (OUT)
  -------------------------------------------------------------------    -------------------

Slack:                    inf
  Source:                 yield_en
                            (input port)
  Destination:            C_free_left
                            (output port)
  Path Group:             (none)
  Path Type:              Max at Slow Process Corner
  Data Path Delay:        6.823ns  (logic 3.672ns (53.820%)  route 3.151ns (46.180%))
  Logic Levels:           3  (IBUF=1 LUT4=1 OBUF=1)

    Location             Delay type                Incr(ns)  Path(ns)    Netlist Resource(s)
  -------------------------------------------------------------------    -------------------
    V19                                               0.000     0.000 r  yield_en (IN)
                         net (fo=0)                   0.000     0.000    yield_en
    V19                  IBUF (Prop_ibuf_I_O)         0.939     0.939 r  yield_en_IBUF_inst/O
                         net (fo=2, routed)           1.480     2.419    yield_en_IBUF
    SLICE_X0Y10          LUT4 (Prop_lut4_I0_O)        0.124     2.543 r  C_free_left_OBUF_inst_i_1/O
                         net (fo=1, routed)           1.671     4.214    C_free_left_OBUF
    V16                  OBUF (Prop_obuf_I_O)         2.609     6.823 r  C_free_left_OBUF_inst/O
                         net (fo=0)                   0.000     6.823    C_free_left
    V16                                                               r  C_free_left (OUT)
  -------------------------------------------------------------------    -------------------





Min Delay Paths
--------------------------------------------------------------------------------------
Slack:                    inf
  Source:                 yield_en
                            (input port)
  Destination:            C_free_left
                            (output port)
  Path Group:             (none)
  Path Type:              Min at Fast Process Corner
  Data Path Delay:        2.254ns  (logic 1.339ns (59.415%)  route 0.915ns (40.585%))
  Logic Levels:           3  (IBUF=1 LUT4=1 OBUF=1)

    Location             Delay type                Incr(ns)  Path(ns)    Netlist Resource(s)
  -------------------------------------------------------------------    -------------------
    V19                                               0.000     0.000 r  yield_en (IN)
                         net (fo=0)                   0.000     0.000    yield_en
    V19                  IBUF (Prop_ibuf_I_O)         0.168     0.168 r  yield_en_IBUF_inst/O
                         net (fo=2, routed)           0.573     0.741    yield_en_IBUF
    SLICE_X0Y10          LUT4 (Prop_lut4_I0_O)        0.045     0.786 r  C_free_left_OBUF_inst_i_1/O
                         net (fo=1, routed)           0.342     1.128    C_free_left_OBUF
    V16                  OBUF (Prop_obuf_I_O)         1.126     2.254 r  C_free_left_OBUF_inst/O
                         net (fo=0)                   0.000     2.254    C_free_left
    V16                                                               r  C_free_left (OUT)
  -------------------------------------------------------------------    -------------------

Slack:                    inf
  Source:                 yield_en
                            (input port)
  Destination:            B_free_left
                            (output port)
  Path Group:             (none)
  Path Type:              Min at Fast Process Corner
  Data Path Delay:        2.371ns  (logic 1.403ns (59.179%)  route 0.968ns (40.821%))
  Logic Levels:           3  (IBUF=1 LUT4=1 OBUF=1)

    Location             Delay type                Incr(ns)  Path(ns)    Netlist Resource(s)
  -------------------------------------------------------------------    -------------------
    V19                                               0.000     0.000 r  yield_en (IN)
                         net (fo=0)                   0.000     0.000    yield_en
    V19                  IBUF (Prop_ibuf_I_O)         0.168     0.168 r  yield_en_IBUF_inst/O
                         net (fo=2, routed)           0.573     0.741    yield_en_IBUF
    SLICE_X0Y10          LUT4 (Prop_lut4_I0_O)        0.042     0.783 r  B_free_left_OBUF_inst_i_1/O
                         net (fo=1, routed)           0.395     1.178    B_free_left_OBUF
    V15                  OBUF (Prop_obuf_I_O)         1.193     2.371 r  B_free_left_OBUF_inst/O
                         net (fo=0)                   0.000     2.371    B_free_left
    V15                                                               r  B_free_left (OUT)
  -------------------------------------------------------------------    -------------------





--------------------------------------------------------------------------------------
Path Group:  (none)
From Clock:  clk
  To Clock:  

Max Delay            13 Endpoints
Min Delay            13 Endpoints
--------------------------------------------------------------------------------------


Max Delay Paths
--------------------------------------------------------------------------------------
Slack:                    inf
  Source:                 state_reg[1]/C
                            (rising edge-triggered cell FDCE clocked by clk  {rise@0.000ns fall@5.000ns period=10.000ns})
  Destination:            B_G1
                            (output port)
  Path Group:             (none)
  Path Type:              Max at Slow Process Corner
  Data Path Delay:        6.458ns  (logic 3.417ns (52.916%)  route 3.041ns (47.084%))
  Logic Levels:           2  (LUT2=1 OBUF=1)
  Clock Uncertainty:      0.025ns  ((TSJ^2 + TIJ^2)^1/2 + DJ) / 2 + PE
    Total System Jitter     (TSJ):    0.050ns
    Total Input Jitter      (TIJ):    0.000ns
    Discrete Jitter          (DJ):    0.000ns
    Phase Error              (PE):    0.000ns

    Location             Delay type                Incr(ns)  Path(ns)    Netlist Resource(s)
  -------------------------------------------------------------------    -------------------
                         (clock clk rise edge)        0.000     0.000 r  
    M18                                               0.000     0.000 r  clk (IN)
                         net (fo=0)                   0.000     0.000    clk
    M18                  IBUF (Prop_ibuf_I_O)         0.938     0.938 r  clk_IBUF_inst/O
                         net (fo=1, routed)           1.972     2.910    clk_IBUF
    BUFGCTRL_X0Y0        BUFG (Prop_bufg_I_O)         0.096     3.006 r  clk_IBUF_BUFG_inst/O
                         net (fo=10, routed)          1.636     4.642    clk_IBUF_BUFG
    SLICE_X1Y10          FDCE                                         r  state_reg[1]/C
  -------------------------------------------------------------------    -------------------
    SLICE_X1Y10          FDCE (Prop_fdce_C_Q)         0.456     5.098 r  state_reg[1]/Q
                         net (fo=24, routed)          1.181     6.278    state[1]
    SLICE_X0Y7           LUT2 (Prop_lut2_I0_O)        0.152     6.430 r  B_G1_OBUF_inst_i_1/O
                         net (fo=1, routed)           1.860     8.291    B_G1_OBUF
    U15                  OBUF (Prop_obuf_I_O)         2.809    11.100 r  B_G1_OBUF_inst/O
                         net (fo=0)                   0.000    11.100    B_G1
    U15                                                               r  B_G1 (OUT)
  -------------------------------------------------------------------    -------------------

Slack:                    inf
  Source:                 state_reg[0]/C
                            (rising edge-triggered cell FDCE clocked by clk  {rise@0.000ns fall@5.000ns period=10.000ns})
  Destination:            A_R
                            (output port)
  Path Group:             (none)
  Path Type:              Max at Slow Process Corner
  Data Path Delay:        6.321ns  (logic 3.239ns (51.241%)  route 3.082ns (48.759%))
  Logic Levels:           2  (LUT6=1 OBUF=1)
  Clock Uncertainty:      0.025ns  ((TSJ^2 + TIJ^2)^1/2 + DJ) / 2 + PE
    Total System Jitter     (TSJ):    0.050ns
    Total Input Jitter      (TIJ):    0.000ns
    Discrete Jitter          (DJ):    0.000ns
    Phase Error              (PE):    0.000ns

    Location             Delay type                Incr(ns)  Path(ns)    Netlist Resource(s)
  -------------------------------------------------------------------    -------------------
                         (clock clk rise edge)        0.000     0.000 r  
    M18                                               0.000     0.000 r  clk (IN)
                         net (fo=0)                   0.000     0.000    clk
    M18                  IBUF (Prop_ibuf_I_O)         0.938     0.938 r  clk_IBUF_inst/O
                         net (fo=1, routed)           1.972     2.910    clk_IBUF
    BUFGCTRL_X0Y0        BUFG (Prop_bufg_I_O)         0.096     3.006 r  clk_IBUF_BUFG_inst/O
                         net (fo=10, routed)          1.636     4.642    clk_IBUF_BUFG
    SLICE_X2Y10          FDCE                                         r  state_reg[0]/C
  -------------------------------------------------------------------    -------------------
    SLICE_X2Y10          FDCE (Prop_fdce_C_Q)         0.518     5.160 f  state_reg[0]/Q
                         net (fo=19, routed)          1.196     6.356    state[0]
    SLICE_X1Y7           LUT6 (Prop_lut6_I5_O)        0.124     6.480 r  A_R_OBUF_inst_i_1/O
                         net (fo=1, routed)           1.886     8.366    A_R_OBUF
    V13                  OBUF (Prop_obuf_I_O)         2.597    10.963 r  A_R_OBUF_inst/O
                         net (fo=0)                   0.000    10.963    A_R
    V13                                                               r  A_R (OUT)
  -------------------------------------------------------------------    -------------------

Slack:                    inf
  Source:                 state_reg[1]/C
                            (rising edge-triggered cell FDCE clocked by clk  {rise@0.000ns fall@5.000ns period=10.000ns})
  Destination:            A_Y
                            (output port)
  Path Group:             (none)
  Path Type:              Max at Slow Process Corner
  Data Path Delay:        6.223ns  (logic 3.178ns (51.063%)  route 3.045ns (48.937%))
  Logic Levels:           2  (LUT6=1 OBUF=1)
  Clock Uncertainty:      0.025ns  ((TSJ^2 + TIJ^2)^1/2 + DJ) / 2 + PE
    Total System Jitter     (TSJ):    0.050ns
    Total Input Jitter      (TIJ):    0.000ns
    Discrete Jitter          (DJ):    0.000ns
    Phase Error              (PE):    0.000ns

    Location             Delay type                Incr(ns)  Path(ns)    Netlist Resource(s)
  -------------------------------------------------------------------    -------------------
                         (clock clk rise edge)        0.000     0.000 r  
    M18                                               0.000     0.000 r  clk (IN)
                         net (fo=0)                   0.000     0.000    clk
    M18                  IBUF (Prop_ibuf_I_O)         0.938     0.938 r  clk_IBUF_inst/O
                         net (fo=1, routed)           1.972     2.910    clk_IBUF
    BUFGCTRL_X0Y0        BUFG (Prop_bufg_I_O)         0.096     3.006 r  clk_IBUF_BUFG_inst/O
                         net (fo=10, routed)          1.636     4.642    clk_IBUF_BUFG
    SLICE_X1Y10          FDCE                                         r  state_reg[1]/C
  -------------------------------------------------------------------    -------------------
    SLICE_X1Y10          FDCE (Prop_fdce_C_Q)         0.456     5.098 r  state_reg[1]/Q
                         net (fo=24, routed)          1.183     6.281    state[1]
    SLICE_X0Y7           LUT6 (Prop_lut6_I3_O)        0.124     6.405 r  A_Y_OBUF_inst_i_1/O
                         net (fo=1, routed)           1.862     8.267    A_Y_OBUF
    U16                  OBUF (Prop_obuf_I_O)         2.598    10.865 r  A_Y_OBUF_inst/O
                         net (fo=0)                   0.000    10.865    A_Y
    U16                                                               r  A_Y (OUT)
  -------------------------------------------------------------------    -------------------

Slack:                    inf
  Source:                 state_reg[2]/C
                            (rising edge-triggered cell FDCE clocked by clk  {rise@0.000ns fall@5.000ns period=10.000ns})
  Destination:            B_free_left
                            (output port)
  Path Group:             (none)
  Path Type:              Max at Slow Process Corner
  Data Path Delay:        6.170ns  (logic 3.422ns (55.457%)  route 2.748ns (44.543%))
  Logic Levels:           2  (LUT4=1 OBUF=1)
  Clock Uncertainty:      0.025ns  ((TSJ^2 + TIJ^2)^1/2 + DJ) / 2 + PE
    Total System Jitter     (TSJ):    0.050ns
    Total Input Jitter      (TIJ):    0.000ns
    Discrete Jitter          (DJ):    0.000ns
    Phase Error              (PE):    0.000ns

    Location             Delay type                Incr(ns)  Path(ns)    Netlist Resource(s)
  -------------------------------------------------------------------    -------------------
                         (clock clk rise edge)        0.000     0.000 r  
    M18                                               0.000     0.000 r  clk (IN)
                         net (fo=0)                   0.000     0.000    clk
    M18                  IBUF (Prop_ibuf_I_O)         0.938     0.938 r  clk_IBUF_inst/O
                         net (fo=1, routed)           1.972     2.910    clk_IBUF
    BUFGCTRL_X0Y0        BUFG (Prop_bufg_I_O)         0.096     3.006 r  clk_IBUF_BUFG_inst/O
                         net (fo=10, routed)          1.636     4.642    clk_IBUF_BUFG
    SLICE_X3Y9           FDCE                                         r  state_reg[2]/C
  -------------------------------------------------------------------    -------------------
    SLICE_X3Y9           FDCE (Prop_fdce_C_Q)         0.456     5.098 r  state_reg[2]/Q
                         net (fo=20, routed)          0.936     6.034    state[2]
    SLICE_X0Y10          LUT4 (Prop_lut4_I3_O)        0.150     6.184 r  B_free_left_OBUF_inst_i_1/O
                         net (fo=1, routed)           1.812     7.996    B_free_left_OBUF
    V15                  OBUF (Prop_obuf_I_O)         2.816    10.812 r  B_free_left_OBUF_inst/O
                         net (fo=0)                   0.000    10.812    B_free_left
    V15                                                               r  B_free_left (OUT)
  -------------------------------------------------------------------    -------------------

Slack:                    inf
  Source:                 state_reg[1]/C
                            (rising edge-triggered cell FDCE clocked by clk  {rise@0.000ns fall@5.000ns period=10.000ns})
  Destination:            A_G2
                            (output port)
  Path Group:             (none)
  Path Type:              Max at Slow Process Corner
  Data Path Delay:        6.165ns  (logic 3.402ns (55.175%)  route 2.764ns (44.825%))
  Logic Levels:           2  (LUT3=1 OBUF=1)
  Clock Uncertainty:      0.025ns  ((TSJ^2 + TIJ^2)^1/2 + DJ) / 2 + PE
    Total System Jitter     (TSJ):    0.050ns
    Total Input Jitter      (TIJ):    0.000ns
    Discrete Jitter          (DJ):    0.000ns
    Phase Error              (PE):    0.000ns

    Location             Delay type                Incr(ns)  Path(ns)    Netlist Resource(s)
  -------------------------------------------------------------------    -------------------
                         (clock clk rise edge)        0.000     0.000 r  
    M18                                               0.000     0.000 r  clk (IN)
                         net (fo=0)                   0.000     0.000    clk
    M18                  IBUF (Prop_ibuf_I_O)         0.938     0.938 r  clk_IBUF_inst/O
                         net (fo=1, routed)           1.972     2.910    clk_IBUF
    BUFGCTRL_X0Y0        BUFG (Prop_bufg_I_O)         0.096     3.006 r  clk_IBUF_BUFG_inst/O
                         net (fo=10, routed)          1.636     4.642    clk_IBUF_BUFG
    SLICE_X1Y10          FDCE                                         r  state_reg[1]/C
  -------------------------------------------------------------------    -------------------
    SLICE_X1Y10          FDCE (Prop_fdce_C_Q)         0.456     5.098 f  state_reg[1]/Q
                         net (fo=24, routed)          0.886     5.984    state[1]
    SLICE_X0Y8           LUT3 (Prop_lut3_I2_O)        0.150     6.134 r  A_G2_OBUF_inst_i_1/O
                         net (fo=1, routed)           1.878     8.012    A_G2_OBUF
    V14                  OBUF (Prop_obuf_I_O)         2.796    10.807 r  A_G2_OBUF_inst/O
                         net (fo=0)                   0.000    10.807    A_G2
    V14                                                               r  A_G2 (OUT)
  -------------------------------------------------------------------    -------------------

Slack:                    inf
  Source:                 state_reg[2]/C
                            (rising edge-triggered cell FDCE clocked by clk  {rise@0.000ns fall@5.000ns period=10.000ns})
  Destination:            C_Y
                            (output port)
  Path Group:             (none)
  Path Type:              Max at Slow Process Corner
  Data Path Delay:        6.153ns  (logic 3.181ns (51.695%)  route 2.972ns (48.305%))
  Logic Levels:           2  (LUT6=1 OBUF=1)
  Clock Uncertainty:      0.025ns  ((TSJ^2 + TIJ^2)^1/2 + DJ) / 2 + PE
    Total System Jitter     (TSJ):    0.050ns
    Total Input Jitter      (TIJ):    0.000ns
    Discrete Jitter          (DJ):    0.000ns
    Phase Error              (PE):    0.000ns

    Location             Delay type                Incr(ns)  Path(ns)    Netlist Resource(s)
  -------------------------------------------------------------------    -------------------
                         (clock clk rise edge)        0.000     0.000 r  
    M18                                               0.000     0.000 r  clk (IN)
                         net (fo=0)                   0.000     0.000    clk
    M18                  IBUF (Prop_ibuf_I_O)         0.938     0.938 r  clk_IBUF_inst/O
                         net (fo=1, routed)           1.972     2.910    clk_IBUF
    BUFGCTRL_X0Y0        BUFG (Prop_bufg_I_O)         0.096     3.006 r  clk_IBUF_BUFG_inst/O
                         net (fo=10, routed)          1.636     4.642    clk_IBUF_BUFG
    SLICE_X3Y9           FDCE                                         r  state_reg[2]/C
  -------------------------------------------------------------------    -------------------
    SLICE_X3Y9           FDCE (Prop_fdce_C_Q)         0.456     5.098 r  state_reg[2]/Q
                         net (fo=20, routed)          1.298     6.396    state[2]
    SLICE_X0Y10          LUT6 (Prop_lut6_I1_O)        0.124     6.520 r  C_Y_OBUF_inst_i_1/O
                         net (fo=1, routed)           1.674     8.194    C_Y_OBUF
    V17                  OBUF (Prop_obuf_I_O)         2.601    10.795 r  C_Y_OBUF_inst/O
                         net (fo=0)                   0.000    10.795    C_Y
    V17                                                               r  C_Y (OUT)
  -------------------------------------------------------------------    -------------------

Slack:                    inf
  Source:                 last_reg[1]/C
                            (rising edge-triggered cell FDPE clocked by clk  {rise@0.000ns fall@5.000ns period=10.000ns})
  Destination:            B_R
                            (output port)
  Path Group:             (none)
  Path Type:              Max at Slow Process Corner
  Data Path Delay:        6.115ns  (logic 3.249ns (53.127%)  route 2.866ns (46.873%))
  Logic Levels:           2  (LUT6=1 OBUF=1)
  Clock Uncertainty:      0.025ns  ((TSJ^2 + TIJ^2)^1/2 + DJ) / 2 + PE
    Total System Jitter     (TSJ):    0.050ns
    Total Input Jitter      (TIJ):    0.000ns
    Discrete Jitter          (DJ):    0.000ns
    Phase Error              (PE):    0.000ns

    Location             Delay type                Incr(ns)  Path(ns)    Netlist Resource(s)
  -------------------------------------------------------------------    -------------------
                         (clock clk rise edge)        0.000     0.000 r  
    M18                                               0.000     0.000 r  clk (IN)
                         net (fo=0)                   0.000     0.000    clk
    M18                  IBUF (Prop_ibuf_I_O)         0.938     0.938 r  clk_IBUF_inst/O
                         net (fo=1, routed)           1.972     2.910    clk_IBUF
    BUFGCTRL_X0Y0        BUFG (Prop_bufg_I_O)         0.096     3.006 r  clk_IBUF_BUFG_inst/O
                         net (fo=10, routed)          1.636     4.642    clk_IBUF_BUFG
    SLICE_X2Y10          FDPE                                         r  last_reg[1]/C
  -------------------------------------------------------------------    -------------------
    SLICE_X2Y10          FDPE (Prop_fdpe_C_Q)         0.518     5.160 f  last_reg[1]/Q
                         net (fo=31, routed)          1.197     6.357    l[1]
    SLICE_X0Y7           LUT6 (Prop_lut6_I2_O)        0.124     6.481 r  B_R_OBUF_inst_i_1/O
                         net (fo=1, routed)           1.669     8.150    B_R_OBUF
    W13                  OBUF (Prop_obuf_I_O)         2.607    10.757 r  B_R_OBUF_inst/O
                         net (fo=0)                   0.000    10.757    B_R
    W13                                                               r  B_R (OUT)
  -------------------------------------------------------------------    -------------------

Slack:                    inf
  Source:                 last_reg[1]/C
                            (rising edge-triggered cell FDPE clocked by clk  {rise@0.000ns fall@5.000ns period=10.000ns})
  Destination:            B_Y
                            (output port)
  Path Group:             (none)
  Path Type:              Max at Slow Process Corner
  Data Path Delay:        6.110ns  (logic 3.241ns (53.041%)  route 2.869ns (46.959%))
  Logic Levels:           2  (LUT6=1 OBUF=1)
  Clock Uncertainty:      0.025ns  ((TSJ^2 + TIJ^2)^1/2 + DJ) / 2 + PE
    Total System Jitter     (TSJ):    0.050ns
    Total Input Jitter      (TIJ):    0.000ns
    Discrete Jitter          (DJ):    0.000ns
    Phase Error              (PE):    0.000ns

    Location             Delay type                Incr(ns)  Path(ns)    Netlist Resource(s)
  -------------------------------------------------------------------    -------------------
                         (clock clk rise edge)        0.000     0.000 r  
    M18                                               0.000     0.000 r  clk (IN)
                         net (fo=0)                   0.000     0.000    clk
    M18                  IBUF (Prop_ibuf_I_O)         0.938     0.938 r  clk_IBUF_inst/O
                         net (fo=1, routed)           1.972     2.910    clk_IBUF
    BUFGCTRL_X0Y0        BUFG (Prop_bufg_I_O)         0.096     3.006 r  clk_IBUF_BUFG_inst/O
                         net (fo=10, routed)          1.636     4.642    clk_IBUF_BUFG
    SLICE_X2Y10          FDPE                                         r  last_reg[1]/C
  -------------------------------------------------------------------    -------------------
    SLICE_X2Y10          FDPE (Prop_fdpe_C_Q)         0.518     5.160 r  last_reg[1]/Q
                         net (fo=31, routed)          1.198     6.358    l[1]
    SLICE_X0Y7           LUT6 (Prop_lut6_I3_O)        0.124     6.482 r  B_Y_OBUF_inst_i_1/O
                         net (fo=1, routed)           1.671     8.153    B_Y_OBUF
    W15                  OBUF (Prop_obuf_I_O)         2.599    10.751 r  B_Y_OBUF_inst/O
                         net (fo=0)                   0.000    10.751    B_Y
    W15                                                               r  B_Y (OUT)
  -------------------------------------------------------------------    -------------------

Slack:                    inf
  Source:                 state_reg[1]/C
                            (rising edge-triggered cell FDCE clocked by clk  {rise@0.000ns fall@5.000ns period=10.000ns})
  Destination:            B_G2
                            (output port)
  Path Group:             (none)
  Path Type:              Max at Slow Process Corner
  Data Path Delay:        6.031ns  (logic 3.178ns (52.688%)  route 2.853ns (47.312%))
  Logic Levels:           2  (LUT3=1 OBUF=1)
  Clock Uncertainty:      0.025ns  ((TSJ^2 + TIJ^2)^1/2 + DJ) / 2 + PE
    Total System Jitter     (TSJ):    0.050ns
    Total Input Jitter      (TIJ):    0.000ns
    Discrete Jitter          (DJ):    0.000ns
    Phase Error              (PE):    0.000ns

    Location             Delay type                Incr(ns)  Path(ns)    Netlist Resource(s)
  -------------------------------------------------------------------    -------------------
                         (clock clk rise edge)        0.000     0.000 r  
    M18                                               0.000     0.000 r  clk (IN)
                         net (fo=0)                   0.000     0.000    clk
    M18                  IBUF (Prop_ibuf_I_O)         0.938     0.938 r  clk_IBUF_inst/O
                         net (fo=1, routed)           1.972     2.910    clk_IBUF
    BUFGCTRL_X0Y0        BUFG (Prop_bufg_I_O)         0.096     3.006 r  clk_IBUF_BUFG_inst/O
                         net (fo=10, routed)          1.636     4.642    clk_IBUF_BUFG
    SLICE_X1Y10          FDCE                                         r  state_reg[1]/C
  -------------------------------------------------------------------    -------------------
    SLICE_X1Y10          FDCE (Prop_fdce_C_Q)         0.456     5.098 r  state_reg[1]/Q
                         net (fo=24, routed)          1.181     6.278    state[1]
    SLICE_X0Y7           LUT3 (Prop_lut3_I1_O)        0.124     6.402 r  B_G2_OBUF_inst_i_1/O
                         net (fo=1, routed)           1.673     8.075    B_G2_OBUF
    W14                  OBUF (Prop_obuf_I_O)         2.598    10.673 r  B_G2_OBUF_inst/O
                         net (fo=0)                   0.000    10.673    B_G2
    W14                                                               r  B_G2 (OUT)
  -------------------------------------------------------------------    -------------------

Slack:                    inf
  Source:                 last_reg[0]/C
                            (rising edge-triggered cell FDCE clocked by clk  {rise@0.000ns fall@5.000ns period=10.000ns})
  Destination:            C_R
                            (output port)
  Path Group:             (none)
  Path Type:              Max at Slow Process Corner
  Data Path Delay:        6.000ns  (logic 3.254ns (54.228%)  route 2.746ns (45.772%))
  Logic Levels:           2  (LUT6=1 OBUF=1)
  Clock Uncertainty:      0.025ns  ((TSJ^2 + TIJ^2)^1/2 + DJ) / 2 + PE
    Total System Jitter     (TSJ):    0.050ns
    Total Input Jitter      (TIJ):    0.000ns
    Discrete Jitter          (DJ):    0.000ns
    Phase Error              (PE):    0.000ns

    Location             Delay type                Incr(ns)  Path(ns)    Netlist Resource(s)
  -------------------------------------------------------------------    -------------------
                         (clock clk rise edge)        0.000     0.000 r  
    M18                                               0.000     0.000 r  clk (IN)
                         net (fo=0)                   0.000     0.000    clk
    M18                  IBUF (Prop_ibuf_I_O)         0.938     0.938 r  clk_IBUF_inst/O
                         net (fo=1, routed)           1.972     2.910    clk_IBUF
    BUFGCTRL_X0Y0        BUFG (Prop_bufg_I_O)         0.096     3.006 r  clk_IBUF_BUFG_inst/O
                         net (fo=10, routed)          1.637     4.643    clk_IBUF_BUFG
    SLICE_X2Y8           FDCE                                         r  last_reg[0]/C
  -------------------------------------------------------------------    -------------------
    SLICE_X2Y8           FDCE (Prop_fdce_C_Q)         0.518     5.161 r  last_reg[0]/Q
                         net (fo=30, routed)          1.072     6.233    l[0]
    SLICE_X0Y9           LUT6 (Prop_lut6_I0_O)        0.124     6.357 r  C_R_OBUF_inst_i_1/O
                         net (fo=1, routed)           1.674     8.031    C_R_OBUF
    W16                  OBUF (Prop_obuf_I_O)         2.612    10.643 r  C_R_OBUF_inst/O
                         net (fo=0)                   0.000    10.643    C_R
    W16                                                               r  C_R (OUT)
  -------------------------------------------------------------------    -------------------





Min Delay Paths
--------------------------------------------------------------------------------------
Slack:                    inf
  Source:                 state_reg[1]/C
                            (rising edge-triggered cell FDCE clocked by clk  {rise@0.000ns fall@5.000ns period=10.000ns})
  Destination:            C_Y
                            (output port)
  Path Group:             (none)
  Path Type:              Min at Fast Process Corner
  Data Path Delay:        1.774ns  (logic 1.304ns (73.493%)  route 0.470ns (26.507%))
  Logic Levels:           2  (LUT6=1 OBUF=1)
  Clock Uncertainty:      0.025ns  ((TSJ^2 + TIJ^2)^1/2 + DJ) / 2 + PE
    Total System Jitter     (TSJ):    0.050ns
    Total Input Jitter      (TIJ):    0.000ns
    Discrete Jitter          (DJ):    0.000ns
    Phase Error              (PE):    0.000ns

    Location             Delay type                Incr(ns)  Path(ns)    Netlist Resource(s)
  -------------------------------------------------------------------    -------------------
                         (clock clk rise edge)        0.000     0.000 r  
    M18                                               0.000     0.000 r  clk (IN)
                         net (fo=0)                   0.000     0.000    clk
    M18                  IBUF (Prop_ibuf_I_O)         0.167     0.167 r  clk_IBUF_inst/O
                         net (fo=1, routed)           0.634     0.801    clk_IBUF
    BUFGCTRL_X0Y0        BUFG (Prop_bufg_I_O)         0.026     0.827 r  clk_IBUF_BUFG_inst/O
                         net (fo=10, routed)          0.593     1.420    clk_IBUF_BUFG
    SLICE_X1Y10          FDCE                                         r  state_reg[1]/C
  -------------------------------------------------------------------    -------------------
    SLICE_X1Y10          FDCE (Prop_fdce_C_Q)         0.141     1.561 r  state_reg[1]/Q
                         net (fo=24, routed)          0.145     1.706    state[1]
    SLICE_X0Y10          LUT6 (Prop_lut6_I0_O)        0.045     1.751 r  C_Y_OBUF_inst_i_1/O
                         net (fo=1, routed)           0.325     2.076    C_Y_OBUF
    V17                  OBUF (Prop_obuf_I_O)         1.118     3.194 r  C_Y_OBUF_inst/O
                         net (fo=0)                   0.000     3.194    C_Y
    V17                                                               r  C_Y (OUT)
  -------------------------------------------------------------------    -------------------

Slack:                    inf
  Source:                 state_reg[1]/C
                            (rising edge-triggered cell FDCE clocked by clk  {rise@0.000ns fall@5.000ns period=10.000ns})
  Destination:            C_free_left
                            (output port)
  Path Group:             (none)
  Path Type:              Min at Fast Process Corner
  Data Path Delay:        1.799ns  (logic 1.312ns (72.949%)  route 0.487ns (27.051%))
  Logic Levels:           2  (LUT4=1 OBUF=1)
  Clock Uncertainty:      0.025ns  ((TSJ^2 + TIJ^2)^1/2 + DJ) / 2 + PE
    Total System Jitter     (TSJ):    0.050ns
    Total Input Jitter      (TIJ):    0.000ns
    Discrete Jitter          (DJ):    0.000ns
    Phase Error              (PE):    0.000ns

    Location             Delay type                Incr(ns)  Path(ns)    Netlist Resource(s)
  -------------------------------------------------------------------    -------------------
                         (clock clk rise edge)        0.000     0.000 r  
    M18                                               0.000     0.000 r  clk (IN)
                         net (fo=0)                   0.000     0.000    clk
    M18                  IBUF (Prop_ibuf_I_O)         0.167     0.167 r  clk_IBUF_inst/O
                         net (fo=1, routed)           0.634     0.801    clk_IBUF
    BUFGCTRL_X0Y0        BUFG (Prop_bufg_I_O)         0.026     0.827 r  clk_IBUF_BUFG_inst/O
                         net (fo=10, routed)          0.593     1.420    clk_IBUF_BUFG
    SLICE_X1Y10          FDCE                                         r  state_reg[1]/C
  -------------------------------------------------------------------    -------------------
    SLICE_X1Y10          FDCE (Prop_fdce_C_Q)         0.141     1.561 f  state_reg[1]/Q
                         net (fo=24, routed)          0.144     1.705    state[1]
    SLICE_X0Y10          LUT4 (Prop_lut4_I1_O)        0.045     1.750 r  C_free_left_OBUF_inst_i_1/O
                         net (fo=1, routed)           0.342     2.092    C_free_left_OBUF
    V16                  OBUF (Prop_obuf_I_O)         1.126     3.219 r  C_free_left_OBUF_inst/O
                         net (fo=0)                   0.000     3.219    C_free_left
    V16                                                               r  C_free_left (OUT)
  -------------------------------------------------------------------    -------------------

Slack:                    inf
  Source:                 state_reg[0]/C
                            (rising edge-triggered cell FDCE clocked by clk  {rise@0.000ns fall@5.000ns period=10.000ns})
  Destination:            C_R
                            (output port)
  Path Group:             (none)
  Path Type:              Min at Fast Process Corner
  Data Path Delay:        1.807ns  (logic 1.338ns (74.032%)  route 0.469ns (25.968%))
  Logic Levels:           2  (LUT6=1 OBUF=1)
  Clock Uncertainty:      0.025ns  ((TSJ^2 + TIJ^2)^1/2 + DJ) / 2 + PE
    Total System Jitter     (TSJ):    0.050ns
    Total Input Jitter      (TIJ):    0.000ns
    Discrete Jitter          (DJ):    0.000ns
    Phase Error              (PE):    0.000ns

    Location             Delay type                Incr(ns)  Path(ns)    Netlist Resource(s)
  -------------------------------------------------------------------    -------------------
                         (clock clk rise edge)        0.000     0.000 r  
    M18                                               0.000     0.000 r  clk (IN)
                         net (fo=0)                   0.000     0.000    clk
    M18                  IBUF (Prop_ibuf_I_O)         0.167     0.167 r  clk_IBUF_inst/O
                         net (fo=1, routed)           0.634     0.801    clk_IBUF
    BUFGCTRL_X0Y0        BUFG (Prop_bufg_I_O)         0.026     0.827 r  clk_IBUF_BUFG_inst/O
                         net (fo=10, routed)          0.593     1.420    clk_IBUF_BUFG
    SLICE_X2Y10          FDCE                                         r  state_reg[0]/C
  -------------------------------------------------------------------    -------------------
    SLICE_X2Y10          FDCE (Prop_fdce_C_Q)         0.164     1.584 r  state_reg[0]/Q
                         net (fo=19, routed)          0.144     1.728    state[0]
    SLICE_X0Y9           LUT6 (Prop_lut6_I3_O)        0.045     1.773 r  C_R_OBUF_inst_i_1/O
                         net (fo=1, routed)           0.325     2.098    C_R_OBUF
    W16                  OBUF (Prop_obuf_I_O)         1.129     3.227 r  C_R_OBUF_inst/O
                         net (fo=0)                   0.000     3.227    C_R
    W16                                                               r  C_R (OUT)
  -------------------------------------------------------------------    -------------------

Slack:                    inf
  Source:                 state_reg[1]/C
                            (rising edge-triggered cell FDCE clocked by clk  {rise@0.000ns fall@5.000ns period=10.000ns})
  Destination:            B_free_left
                            (output port)
  Path Group:             (none)
  Path Type:              Min at Fast Process Corner
  Data Path Delay:        1.921ns  (logic 1.382ns (71.921%)  route 0.539ns (28.079%))
  Logic Levels:           2  (LUT4=1 OBUF=1)
  Clock Uncertainty:      0.025ns  ((TSJ^2 + TIJ^2)^1/2 + DJ) / 2 + PE
    Total System Jitter     (TSJ):    0.050ns
    Total Input Jitter      (TIJ):    0.000ns
    Discrete Jitter          (DJ):    0.000ns
    Phase Error              (PE):    0.000ns

    Location             Delay type                Incr(ns)  Path(ns)    Netlist Resource(s)
  -------------------------------------------------------------------    -------------------
                         (clock clk rise edge)        0.000     0.000 r  
    M18                                               0.000     0.000 r  clk (IN)
                         net (fo=0)                   0.000     0.000    clk
    M18                  IBUF (Prop_ibuf_I_O)         0.167     0.167 r  clk_IBUF_inst/O
                         net (fo=1, routed)           0.634     0.801    clk_IBUF
    BUFGCTRL_X0Y0        BUFG (Prop_bufg_I_O)         0.026     0.827 r  clk_IBUF_BUFG_inst/O
                         net (fo=10, routed)          0.593     1.420    clk_IBUF_BUFG
    SLICE_X1Y10          FDCE                                         r  state_reg[1]/C
  -------------------------------------------------------------------    -------------------
    SLICE_X1Y10          FDCE (Prop_fdce_C_Q)         0.141     1.561 r  state_reg[1]/Q
                         net (fo=24, routed)          0.144     1.705    state[1]
    SLICE_X0Y10          LUT4 (Prop_lut4_I2_O)        0.048     1.753 r  B_free_left_OBUF_inst_i_1/O
                         net (fo=1, routed)           0.395     2.148    B_free_left_OBUF
    V15                  OBUF (Prop_obuf_I_O)         1.193     3.341 r  B_free_left_OBUF_inst/O
                         net (fo=0)                   0.000     3.341    B_free_left
    V15                                                               r  B_free_left (OUT)
  -------------------------------------------------------------------    -------------------

Slack:                    inf
  Source:                 state_reg[2]/C
                            (rising edge-triggered cell FDCE clocked by clk  {rise@0.000ns fall@5.000ns period=10.000ns})
  Destination:            C_G
                            (output port)
  Path Group:             (none)
  Path Type:              Min at Fast Process Corner
  Data Path Delay:        1.938ns  (logic 1.299ns (67.057%)  route 0.638ns (32.943%))
  Logic Levels:           2  (LUT3=1 OBUF=1)
  Clock Uncertainty:      0.025ns  ((TSJ^2 + TIJ^2)^1/2 + DJ) / 2 + PE
    Total System Jitter     (TSJ):    0.050ns
    Total Input Jitter      (TIJ):    0.000ns
    Discrete Jitter          (DJ):    0.000ns
    Phase Error              (PE):    0.000ns

    Location             Delay type                Incr(ns)  Path(ns)    Netlist Resource(s)
  -------------------------------------------------------------------    -------------------
                         (clock clk rise edge)        0.000     0.000 r  
    M18                                               0.000     0.000 r  clk (IN)
                         net (fo=0)                   0.000     0.000    clk
    M18                  IBUF (Prop_ibuf_I_O)         0.167     0.167 r  clk_IBUF_inst/O
                         net (fo=1, routed)           0.634     0.801    clk_IBUF
    BUFGCTRL_X0Y0        BUFG (Prop_bufg_I_O)         0.026     0.827 r  clk_IBUF_BUFG_inst/O
                         net (fo=10, routed)          0.594     1.421    clk_IBUF_BUFG
    SLICE_X3Y9           FDCE                                         r  state_reg[2]/C
  -------------------------------------------------------------------    -------------------
    SLICE_X3Y9           FDCE (Prop_fdce_C_Q)         0.141     1.562 r  state_reg[2]/Q
                         net (fo=20, routed)          0.320     1.882    state[2]
    SLICE_X0Y8           LUT3 (Prop_lut3_I1_O)        0.045     1.927 r  C_G_OBUF_inst_i_1/O
                         net (fo=1, routed)           0.319     2.245    C_G_OBUF
    W17                  OBUF (Prop_obuf_I_O)         1.113     3.359 r  C_G_OBUF_inst/O
                         net (fo=0)                   0.000     3.359    C_G
    W17                                                               r  C_G (OUT)
  -------------------------------------------------------------------    -------------------

Slack:                    inf
  Source:                 state_reg[1]/C
                            (rising edge-triggered cell FDCE clocked by clk  {rise@0.000ns fall@5.000ns period=10.000ns})
  Destination:            B_R
                            (output port)
  Path Group:             (none)
  Path Type:              Min at Fast Process Corner
  Data Path Delay:        1.958ns  (logic 1.310ns (66.902%)  route 0.648ns (33.098%))
  Logic Levels:           2  (LUT6=1 OBUF=1)
  Clock Uncertainty:      0.025ns  ((TSJ^2 + TIJ^2)^1/2 + DJ) / 2 + PE
    Total System Jitter     (TSJ):    0.050ns
    Total Input Jitter      (TIJ):    0.000ns
    Discrete Jitter          (DJ):    0.000ns
    Phase Error              (PE):    0.000ns

    Location             Delay type                Incr(ns)  Path(ns)    Netlist Resource(s)
  -------------------------------------------------------------------    -------------------
                         (clock clk rise edge)        0.000     0.000 r  
    M18                                               0.000     0.000 r  clk (IN)
                         net (fo=0)                   0.000     0.000    clk
    M18                  IBUF (Prop_ibuf_I_O)         0.167     0.167 r  clk_IBUF_inst/O
                         net (fo=1, routed)           0.634     0.801    clk_IBUF
    BUFGCTRL_X0Y0        BUFG (Prop_bufg_I_O)         0.026     0.827 r  clk_IBUF_BUFG_inst/O
                         net (fo=10, routed)          0.593     1.420    clk_IBUF_BUFG
    SLICE_X1Y10          FDCE                                         r  state_reg[1]/C
  -------------------------------------------------------------------    -------------------
    SLICE_X1Y10          FDCE (Prop_fdce_C_Q)         0.141     1.561 f  state_reg[1]/Q
                         net (fo=24, routed)          0.323     1.884    state[1]
    SLICE_X0Y7           LUT6 (Prop_lut6_I5_O)        0.045     1.929 r  B_R_OBUF_inst_i_1/O
                         net (fo=1, routed)           0.325     2.254    B_R_OBUF
    W13                  OBUF (Prop_obuf_I_O)         1.124     3.378 r  B_R_OBUF_inst/O
                         net (fo=0)                   0.000     3.378    B_R
    W13                                                               r  B_R (OUT)
  -------------------------------------------------------------------    -------------------

Slack:                    inf
  Source:                 state_reg[1]/C
                            (rising edge-triggered cell FDCE clocked by clk  {rise@0.000ns fall@5.000ns period=10.000ns})
  Destination:            B_Y
                            (output port)
  Path Group:             (none)
  Path Type:              Min at Fast Process Corner
  Data Path Delay:        1.964ns  (logic 1.302ns (66.271%)  route 0.662ns (33.729%))
  Logic Levels:           2  (LUT6=1 OBUF=1)
  Clock Uncertainty:      0.025ns  ((TSJ^2 + TIJ^2)^1/2 + DJ) / 2 + PE
    Total System Jitter     (TSJ):    0.050ns
    Total Input Jitter      (TIJ):    0.000ns
    Discrete Jitter          (DJ):    0.000ns
    Phase Error              (PE):    0.000ns

    Location             Delay type                Incr(ns)  Path(ns)    Netlist Resource(s)
  -------------------------------------------------------------------    -------------------
                         (clock clk rise edge)        0.000     0.000 r  
    M18                                               0.000     0.000 r  clk (IN)
                         net (fo=0)                   0.000     0.000    clk
    M18                  IBUF (Prop_ibuf_I_O)         0.167     0.167 r  clk_IBUF_inst/O
                         net (fo=1, routed)           0.634     0.801    clk_IBUF
    BUFGCTRL_X0Y0        BUFG (Prop_bufg_I_O)         0.026     0.827 r  clk_IBUF_BUFG_inst/O
                         net (fo=10, routed)          0.593     1.420    clk_IBUF_BUFG
    SLICE_X1Y10          FDCE                                         r  state_reg[1]/C
  -------------------------------------------------------------------    -------------------
    SLICE_X1Y10          FDCE (Prop_fdce_C_Q)         0.141     1.561 r  state_reg[1]/Q
                         net (fo=24, routed)          0.324     1.885    state[1]
    SLICE_X0Y7           LUT6 (Prop_lut6_I0_O)        0.045     1.930 r  B_Y_OBUF_inst_i_1/O
                         net (fo=1, routed)           0.339     2.268    B_Y_OBUF
    W15                  OBUF (Prop_obuf_I_O)         1.116     3.384 r  B_Y_OBUF_inst/O
                         net (fo=0)                   0.000     3.384    B_Y
    W15                                                               r  B_Y (OUT)
  -------------------------------------------------------------------    -------------------

Slack:                    inf
  Source:                 state_reg[0]/C
                            (rising edge-triggered cell FDCE clocked by clk  {rise@0.000ns fall@5.000ns period=10.000ns})
  Destination:            B_G2
                            (output port)
  Path Group:             (none)
  Path Type:              Min at Fast Process Corner
  Data Path Delay:        1.967ns  (logic 1.324ns (67.295%)  route 0.643ns (32.705%))
  Logic Levels:           2  (LUT3=1 OBUF=1)
  Clock Uncertainty:      0.025ns  ((TSJ^2 + TIJ^2)^1/2 + DJ) / 2 + PE
    Total System Jitter     (TSJ):    0.050ns
    Total Input Jitter      (TIJ):    0.000ns
    Discrete Jitter          (DJ):    0.000ns
    Phase Error              (PE):    0.000ns

    Location             Delay type                Incr(ns)  Path(ns)    Netlist Resource(s)
  -------------------------------------------------------------------    -------------------
                         (clock clk rise edge)        0.000     0.000 r  
    M18                                               0.000     0.000 r  clk (IN)
                         net (fo=0)                   0.000     0.000    clk
    M18                  IBUF (Prop_ibuf_I_O)         0.167     0.167 r  clk_IBUF_inst/O
                         net (fo=1, routed)           0.634     0.801    clk_IBUF
    BUFGCTRL_X0Y0        BUFG (Prop_bufg_I_O)         0.026     0.827 r  clk_IBUF_BUFG_inst/O
                         net (fo=10, routed)          0.593     1.420    clk_IBUF_BUFG
    SLICE_X2Y10          FDCE                                         r  state_reg[0]/C
  -------------------------------------------------------------------    -------------------
    SLICE_X2Y10          FDCE (Prop_fdce_C_Q)         0.164     1.584 f  state_reg[0]/Q
                         net (fo=19, routed)          0.302     1.885    state[0]
    SLICE_X0Y7           LUT3 (Prop_lut3_I2_O)        0.045     1.930 r  B_G2_OBUF_inst_i_1/O
                         net (fo=1, routed)           0.342     2.272    B_G2_OBUF
    W14                  OBUF (Prop_obuf_I_O)         1.115     3.387 r  B_G2_OBUF_inst/O
                         net (fo=0)                   0.000     3.387    B_G2
    W14                                                               r  B_G2 (OUT)
  -------------------------------------------------------------------    -------------------

Slack:                    inf
  Source:                 last_reg[2]/C
                            (rising edge-triggered cell FDPE clocked by clk  {rise@0.000ns fall@5.000ns period=10.000ns})
  Destination:            A_Y
                            (output port)
  Path Group:             (none)
  Path Type:              Min at Fast Process Corner
  Data Path Delay:        1.971ns  (logic 1.301ns (65.990%)  route 0.670ns (34.010%))
  Logic Levels:           2  (LUT6=1 OBUF=1)
  Clock Uncertainty:      0.025ns  ((TSJ^2 + TIJ^2)^1/2 + DJ) / 2 + PE
    Total System Jitter     (TSJ):    0.050ns
    Total Input Jitter      (TIJ):    0.000ns
    Discrete Jitter          (DJ):    0.000ns
    Phase Error              (PE):    0.000ns

    Location             Delay type                Incr(ns)  Path(ns)    Netlist Resource(s)
  -------------------------------------------------------------------    -------------------
                         (clock clk rise edge)        0.000     0.000 r  
    M18                                               0.000     0.000 r  clk (IN)
                         net (fo=0)                   0.000     0.000    clk
    M18                  IBUF (Prop_ibuf_I_O)         0.167     0.167 r  clk_IBUF_inst/O
                         net (fo=1, routed)           0.634     0.801    clk_IBUF
    BUFGCTRL_X0Y0        BUFG (Prop_bufg_I_O)         0.026     0.827 r  clk_IBUF_BUFG_inst/O
                         net (fo=10, routed)          0.594     1.421    clk_IBUF_BUFG
    SLICE_X1Y9           FDPE                                         r  last_reg[2]/C
  -------------------------------------------------------------------    -------------------
    SLICE_X1Y9           FDPE (Prop_fdpe_C_Q)         0.141     1.562 f  last_reg[2]/Q
                         net (fo=30, routed)          0.262     1.824    l[2]
    SLICE_X0Y7           LUT6 (Prop_lut6_I1_O)        0.045     1.869 r  A_Y_OBUF_inst_i_1/O
                         net (fo=1, routed)           0.408     2.277    A_Y_OBUF
    U16                  OBUF (Prop_obuf_I_O)         1.115     3.392 r  A_Y_OBUF_inst/O
                         net (fo=0)                   0.000     3.392    A_Y
    U16                                                               r  A_Y (OUT)
  -------------------------------------------------------------------    -------------------

Slack:                    inf
  Source:                 last_reg[2]/C
                            (rising edge-triggered cell FDPE clocked by clk  {rise@0.000ns fall@5.000ns period=10.000ns})
  Destination:            A_R
                            (output port)
  Path Group:             (none)
  Path Type:              Min at Fast Process Corner
  Data Path Delay:        1.972ns  (logic 1.300ns (65.921%)  route 0.672ns (34.079%))
  Logic Levels:           2  (LUT6=1 OBUF=1)
  Clock Uncertainty:      0.025ns  ((TSJ^2 + TIJ^2)^1/2 + DJ) / 2 + PE
    Total System Jitter     (TSJ):    0.050ns
    Total Input Jitter      (TIJ):    0.000ns
    Discrete Jitter          (DJ):    0.000ns
    Phase Error              (PE):    0.000ns

    Location             Delay type                Incr(ns)  Path(ns)    Netlist Resource(s)
  -------------------------------------------------------------------    -------------------
                         (clock clk rise edge)        0.000     0.000 r  
    M18                                               0.000     0.000 r  clk (IN)
                         net (fo=0)                   0.000     0.000    clk
    M18                  IBUF (Prop_ibuf_I_O)         0.167     0.167 r  clk_IBUF_inst/O
                         net (fo=1, routed)           0.634     0.801    clk_IBUF
    BUFGCTRL_X0Y0        BUFG (Prop_bufg_I_O)         0.026     0.827 r  clk_IBUF_BUFG_inst/O
                         net (fo=10, routed)          0.594     1.421    clk_IBUF_BUFG
    SLICE_X1Y9           FDPE                                         r  last_reg[2]/C
  -------------------------------------------------------------------    -------------------
    SLICE_X1Y9           FDPE (Prop_fdpe_C_Q)         0.141     1.562 r  last_reg[2]/Q
                         net (fo=30, routed)          0.256     1.818    l[2]
    SLICE_X1Y7           LUT6 (Prop_lut6_I1_O)        0.045     1.863 r  A_R_OBUF_inst_i_1/O
                         net (fo=1, routed)           0.416     2.279    A_R_OBUF
    V13                  OBUF (Prop_obuf_I_O)         1.114     3.393 r  A_R_OBUF_inst/O
                         net (fo=0)                   0.000     3.393    A_R
    V13                                                               r  A_R (OUT)
  -------------------------------------------------------------------    -------------------





--------------------------------------------------------------------------------------
Path Group:  (none)
From Clock:  
  To Clock:  clk

Max Delay            17 Endpoints
Min Delay            17 Endpoints
--------------------------------------------------------------------------------------


Max Delay Paths
--------------------------------------------------------------------------------------
Slack:                    inf
  Source:                 reqA_turn
                            (input port)
  Destination:            cnt_reg[1]/D
                            (rising edge-triggered cell FDCE clocked by clk  {rise@0.000ns fall@5.000ns period=10.000ns})
  Path Group:             (none)
  Path Type:              Setup (Max at Slow Process Corner)
  Data Path Delay:        5.209ns  (logic 1.539ns (29.553%)  route 3.670ns (70.447%))
  Logic Levels:           4  (IBUF=1 LUT5=1 LUT6=2)
  Clock Path Skew:        4.281ns (DCD - SCD + CPR)
    Destination Clock Delay (DCD):    4.281ns
    Source Clock Delay      (SCD):    0.000ns
    Clock Pessimism Removal (CPR):    0.000ns
  Clock Uncertainty:      0.025ns  ((TSJ^2 + TIJ^2)^1/2 + DJ) / 2 + PE
    Total System Jitter     (TSJ):    0.050ns
    Total Input Jitter      (TIJ):    0.000ns
    Discrete Jitter          (DJ):    0.000ns
    Phase Error              (PE):    0.000ns

    Location             Delay type                Incr(ns)  Path(ns)    Netlist Resource(s)
  -------------------------------------------------------------------    -------------------
    U17                                               0.000     0.000 r  reqA_turn (IN)
                         net (fo=0)                   0.000     0.000    reqA_turn
    U17                  IBUF (Prop_ibuf_I_O)         0.937     0.937 r  reqA_turn_IBUF_inst/O
                         net (fo=15, routed)          2.238     3.175    reqA_turn_IBUF
    SLICE_X3Y11          LUT5 (Prop_lut5_I2_O)        0.152     3.327 r  cnt[1]_i_5/O
                         net (fo=1, routed)           0.955     4.282    cnt[1]_i_5_n_0
    SLICE_X3Y9           LUT6 (Prop_lut6_I4_O)        0.326     4.608 f  cnt[1]_i_2/O
                         net (fo=1, routed)           0.477     5.085    cnt[1]_i_2_n_0
    SLICE_X1Y9           LUT6 (Prop_lut6_I0_O)        0.124     5.209 r  cnt[1]_i_1/O
                         net (fo=1, routed)           0.000     5.209    cnt[1]_i_1_n_0
    SLICE_X1Y9           FDCE                                         r  cnt_reg[1]/D
  -------------------------------------------------------------------    -------------------

                         (clock clk rise edge)        0.000     0.000 r  
    M18                                               0.000     0.000 r  clk (IN)
                         net (fo=0)                   0.000     0.000    clk
    M18                  IBUF (Prop_ibuf_I_O)         0.805     0.805 r  clk_IBUF_inst/O
                         net (fo=1, routed)           1.868     2.673    clk_IBUF
    BUFGCTRL_X0Y0        BUFG (Prop_bufg_I_O)         0.091     2.764 r  clk_IBUF_BUFG_inst/O
                         net (fo=10, routed)          1.517     4.281    clk_IBUF_BUFG
    SLICE_X1Y9           FDCE                                         r  cnt_reg[1]/C

Slack:                    inf
  Source:                 reqC
                            (input port)
  Destination:            last_reg[1]/D
                            (rising edge-triggered cell FDPE clocked by clk  {rise@0.000ns fall@5.000ns period=10.000ns})
  Path Group:             (none)
  Path Type:              Setup (Max at Slow Process Corner)
  Data Path Delay:        5.163ns  (logic 1.308ns (25.338%)  route 3.855ns (74.662%))
  Logic Levels:           4  (IBUF=1 LUT6=3)
  Clock Path Skew:        4.281ns (DCD - SCD + CPR)
    Destination Clock Delay (DCD):    4.281ns
    Source Clock Delay      (SCD):    0.000ns
    Clock Pessimism Removal (CPR):    0.000ns
  Clock Uncertainty:      0.025ns  ((TSJ^2 + TIJ^2)^1/2 + DJ) / 2 + PE
    Total System Jitter     (TSJ):    0.050ns
    Total Input Jitter      (TIJ):    0.000ns
    Discrete Jitter          (DJ):    0.000ns
    Phase Error              (PE):    0.000ns

    Location             Delay type                Incr(ns)  Path(ns)    Netlist Resource(s)
  -------------------------------------------------------------------    -------------------
    W19                                               0.000     0.000 f  reqC (IN)
                         net (fo=0)                   0.000     0.000    reqC
    W19                  IBUF (Prop_ibuf_I_O)         0.936     0.936 f  reqC_IBUF_inst/O
                         net (fo=8, routed)           2.243     3.179    reqC_IBUF
    SLICE_X1Y8           LUT6 (Prop_lut6_I0_O)        0.124     3.303 f  state[0]_i_4/O
                         net (fo=5, routed)           0.850     4.153    state[0]_i_4_n_0
    SLICE_X2Y11          LUT6 (Prop_lut6_I1_O)        0.124     4.277 r  last[1]_i_2/O
                         net (fo=1, routed)           0.762     5.039    last[1]_i_2_n_0
    SLICE_X2Y10          LUT6 (Prop_lut6_I1_O)        0.124     5.163 r  last[1]_i_1/O
                         net (fo=1, routed)           0.000     5.163    last[1]_i_1_n_0
    SLICE_X2Y10          FDPE                                         r  last_reg[1]/D
  -------------------------------------------------------------------    -------------------

                         (clock clk rise edge)        0.000     0.000 r  
    M18                                               0.000     0.000 r  clk (IN)
                         net (fo=0)                   0.000     0.000    clk
    M18                  IBUF (Prop_ibuf_I_O)         0.805     0.805 r  clk_IBUF_inst/O
                         net (fo=1, routed)           1.868     2.673    clk_IBUF
    BUFGCTRL_X0Y0        BUFG (Prop_bufg_I_O)         0.091     2.764 r  clk_IBUF_BUFG_inst/O
                         net (fo=10, routed)          1.517     4.281    clk_IBUF_BUFG
    SLICE_X2Y10          FDPE                                         r  last_reg[1]/C

Slack:                    inf
  Source:                 reqC
                            (input port)
  Destination:            last_reg[0]/D
                            (rising edge-triggered cell FDCE clocked by clk  {rise@0.000ns fall@5.000ns period=10.000ns})
  Path Group:             (none)
  Path Type:              Setup (Max at Slow Process Corner)
  Data Path Delay:        5.012ns  (logic 1.308ns (26.100%)  route 3.704ns (73.900%))
  Logic Levels:           4  (IBUF=1 LUT5=1 LUT6=2)
  Clock Path Skew:        4.282ns (DCD - SCD + CPR)
    Destination Clock Delay (DCD):    4.282ns
    Source Clock Delay      (SCD):    0.000ns
    Clock Pessimism Removal (CPR):    0.000ns
  Clock Uncertainty:      0.025ns  ((TSJ^2 + TIJ^2)^1/2 + DJ) / 2 + PE
    Total System Jitter     (TSJ):    0.050ns
    Total Input Jitter      (TIJ):    0.000ns
    Discrete Jitter          (DJ):    0.000ns
    Phase Error              (PE):    0.000ns

    Location             Delay type                Incr(ns)  Path(ns)    Netlist Resource(s)
  -------------------------------------------------------------------    -------------------
    W19                                               0.000     0.000 f  reqC (IN)
                         net (fo=0)                   0.000     0.000    reqC
    W19                  IBUF (Prop_ibuf_I_O)         0.936     0.936 f  reqC_IBUF_inst/O
                         net (fo=8, routed)           2.243     3.179    reqC_IBUF
    SLICE_X1Y8           LUT6 (Prop_lut6_I0_O)        0.124     3.303 f  state[0]_i_4/O
                         net (fo=5, routed)           1.013     4.316    state[0]_i_4_n_0
    SLICE_X2Y11          LUT6 (Prop_lut6_I3_O)        0.124     4.440 r  last[0]_i_3/O
                         net (fo=1, routed)           0.449     4.888    last[0]_i_3_n_0
    SLICE_X2Y8           LUT5 (Prop_lut5_I2_O)        0.124     5.012 r  last[0]_i_1/O
                         net (fo=1, routed)           0.000     5.012    last[0]_i_1_n_0
    SLICE_X2Y8           FDCE                                         r  last_reg[0]/D
  -------------------------------------------------------------------    -------------------

                         (clock clk rise edge)        0.000     0.000 r  
    M18                                               0.000     0.000 r  clk (IN)
                         net (fo=0)                   0.000     0.000    clk
    M18                  IBUF (Prop_ibuf_I_O)         0.805     0.805 r  clk_IBUF_inst/O
                         net (fo=1, routed)           1.868     2.673    clk_IBUF
    BUFGCTRL_X0Y0        BUFG (Prop_bufg_I_O)         0.091     2.764 r  clk_IBUF_BUFG_inst/O
                         net (fo=10, routed)          1.518     4.282    clk_IBUF_BUFG
    SLICE_X2Y8           FDCE                                         r  last_reg[0]/C

Slack:                    inf
  Source:                 reqA_turn
                            (input port)
  Destination:            state_reg[0]/D
                            (rising edge-triggered cell FDCE clocked by clk  {rise@0.000ns fall@5.000ns period=10.000ns})
  Path Group:             (none)
  Path Type:              Setup (Max at Slow Process Corner)
  Data Path Delay:        4.734ns  (logic 1.539ns (32.518%)  route 3.195ns (67.482%))
  Logic Levels:           4  (IBUF=1 LUT4=1 LUT6=2)
  Clock Path Skew:        4.281ns (DCD - SCD + CPR)
    Destination Clock Delay (DCD):    4.281ns
    Source Clock Delay      (SCD):    0.000ns
    Clock Pessimism Removal (CPR):    0.000ns
  Clock Uncertainty:      0.025ns  ((TSJ^2 + TIJ^2)^1/2 + DJ) / 2 + PE
    Total System Jitter     (TSJ):    0.050ns
    Total Input Jitter      (TIJ):    0.000ns
    Discrete Jitter          (DJ):    0.000ns
    Phase Error              (PE):    0.000ns

    Location             Delay type                Incr(ns)  Path(ns)    Netlist Resource(s)
  -------------------------------------------------------------------    -------------------
    U17                                               0.000     0.000 r  reqA_turn (IN)
                         net (fo=0)                   0.000     0.000    reqA_turn
    U17                  IBUF (Prop_ibuf_I_O)         0.937     0.937 r  reqA_turn_IBUF_inst/O
                         net (fo=15, routed)          1.793     2.731    reqA_turn_IBUF
    SLICE_X2Y9           LUT4 (Prop_lut4_I2_O)        0.150     2.881 r  state[0]_i_9/O
                         net (fo=1, routed)           0.452     3.333    state[0]_i_9_n_0
    SLICE_X2Y9           LUT6 (Prop_lut6_I5_O)        0.328     3.661 r  state[0]_i_2/O
                         net (fo=2, routed)           0.949     4.610    state[0]_i_2_n_0
    SLICE_X2Y10          LUT6 (Prop_lut6_I0_O)        0.124     4.734 r  state[0]_i_1/O
                         net (fo=1, routed)           0.000     4.734    state[0]_i_1_n_0
    SLICE_X2Y10          FDCE                                         r  state_reg[0]/D
  -------------------------------------------------------------------    -------------------

                         (clock clk rise edge)        0.000     0.000 r  
    M18                                               0.000     0.000 r  clk (IN)
                         net (fo=0)                   0.000     0.000    clk
    M18                  IBUF (Prop_ibuf_I_O)         0.805     0.805 r  clk_IBUF_inst/O
                         net (fo=1, routed)           1.868     2.673    clk_IBUF
    BUFGCTRL_X0Y0        BUFG (Prop_bufg_I_O)         0.091     2.764 r  clk_IBUF_BUFG_inst/O
                         net (fo=10, routed)          1.517     4.281    clk_IBUF_BUFG
    SLICE_X2Y10          FDCE                                         r  state_reg[0]/C

Slack:                    inf
  Source:                 reqB_turn
                            (input port)
  Destination:            last_reg[2]/D
                            (rising edge-triggered cell FDPE clocked by clk  {rise@0.000ns fall@5.000ns period=10.000ns})
  Path Group:             (none)
  Path Type:              Setup (Max at Slow Process Corner)
  Data Path Delay:        4.692ns  (logic 1.538ns (32.780%)  route 3.154ns (67.220%))
  Logic Levels:           4  (IBUF=1 LUT3=1 LUT6=2)
  Clock Path Skew:        4.281ns (DCD - SCD + CPR)
    Destination Clock Delay (DCD):    4.281ns
    Source Clock Delay      (SCD):    0.000ns
    Clock Pessimism Removal (CPR):    0.000ns
  Clock Uncertainty:      0.025ns  ((TSJ^2 + TIJ^2)^1/2 + DJ) / 2 + PE
    Total System Jitter     (TSJ):    0.050ns
    Total Input Jitter      (TIJ):    0.000ns
    Discrete Jitter          (DJ):    0.000ns
    Phase Error              (PE):    0.000ns

    Location             Delay type                Incr(ns)  Path(ns)    Netlist Resource(s)
  -------------------------------------------------------------------    -------------------
    T17                                               0.000     0.000 r  reqB_turn (IN)
                         net (fo=0)                   0.000     0.000    reqB_turn
    T17                  IBUF (Prop_ibuf_I_O)         0.936     0.936 r  reqB_turn_IBUF_inst/O
                         net (fo=15, routed)          1.670     2.606    reqB_turn_IBUF
    SLICE_X3Y10          LUT3 (Prop_lut3_I2_O)        0.152     2.758 f  state[2]_i_4/O
                         net (fo=3, routed)           0.836     3.594    state[2]_i_4_n_0
    SLICE_X0Y9           LUT6 (Prop_lut6_I1_O)        0.326     3.920 r  last[2]_i_2/O
                         net (fo=1, routed)           0.648     4.568    last[2]_i_2_n_0
    SLICE_X1Y9           LUT6 (Prop_lut6_I0_O)        0.124     4.692 r  last[2]_i_1/O
                         net (fo=1, routed)           0.000     4.692    last[2]_i_1_n_0
    SLICE_X1Y9           FDPE                                         r  last_reg[2]/D
  -------------------------------------------------------------------    -------------------

                         (clock clk rise edge)        0.000     0.000 r  
    M18                                               0.000     0.000 r  clk (IN)
                         net (fo=0)                   0.000     0.000    clk
    M18                  IBUF (Prop_ibuf_I_O)         0.805     0.805 r  clk_IBUF_inst/O
                         net (fo=1, routed)           1.868     2.673    clk_IBUF
    BUFGCTRL_X0Y0        BUFG (Prop_bufg_I_O)         0.091     2.764 r  clk_IBUF_BUFG_inst/O
                         net (fo=10, routed)          1.517     4.281    clk_IBUF_BUFG
    SLICE_X1Y9           FDPE                                         r  last_reg[2]/C

Slack:                    inf
  Source:                 reqB_turn
                            (input port)
  Destination:            state_reg[2]/D
                            (rising edge-triggered cell FDCE clocked by clk  {rise@0.000ns fall@5.000ns period=10.000ns})
  Path Group:             (none)
  Path Type:              Setup (Max at Slow Process Corner)
  Data Path Delay:        4.381ns  (logic 1.414ns (32.276%)  route 2.967ns (67.724%))
  Logic Levels:           3  (IBUF=1 LUT3=1 LUT6=1)
  Clock Path Skew:        4.281ns (DCD - SCD + CPR)
    Destination Clock Delay (DCD):    4.281ns
    Source Clock Delay      (SCD):    0.000ns
    Clock Pessimism Removal (CPR):    0.000ns
  Clock Uncertainty:      0.025ns  ((TSJ^2 + TIJ^2)^1/2 + DJ) / 2 + PE
    Total System Jitter     (TSJ):    0.050ns
    Total Input Jitter      (TIJ):    0.000ns
    Discrete Jitter          (DJ):    0.000ns
    Phase Error              (PE):    0.000ns

    Location             Delay type                Incr(ns)  Path(ns)    Netlist Resource(s)
  -------------------------------------------------------------------    -------------------
    T17                                               0.000     0.000 r  reqB_turn (IN)
                         net (fo=0)                   0.000     0.000    reqB_turn
    T17                  IBUF (Prop_ibuf_I_O)         0.936     0.936 r  reqB_turn_IBUF_inst/O
                         net (fo=15, routed)          1.670     2.606    reqB_turn_IBUF
    SLICE_X3Y10          LUT3 (Prop_lut3_I2_O)        0.152     2.758 f  state[2]_i_4/O
                         net (fo=3, routed)           1.297     4.055    state[2]_i_4_n_0
    SLICE_X3Y9           LUT6 (Prop_lut6_I2_O)        0.326     4.381 r  state[2]_i_1/O
                         net (fo=1, routed)           0.000     4.381    state[2]_i_1_n_0
    SLICE_X3Y9           FDCE                                         r  state_reg[2]/D
  -------------------------------------------------------------------    -------------------

                         (clock clk rise edge)        0.000     0.000 r  
    M18                                               0.000     0.000 r  clk (IN)
                         net (fo=0)                   0.000     0.000    clk
    M18                  IBUF (Prop_ibuf_I_O)         0.805     0.805 r  clk_IBUF_inst/O
                         net (fo=1, routed)           1.868     2.673    clk_IBUF
    BUFGCTRL_X0Y0        BUFG (Prop_bufg_I_O)         0.091     2.764 r  clk_IBUF_BUFG_inst/O
                         net (fo=10, routed)          1.517     4.281    clk_IBUF_BUFG
    SLICE_X3Y9           FDCE                                         r  state_reg[2]/C

Slack:                    inf
  Source:                 reqA_turn
                            (input port)
  Destination:            state_reg[1]/D
                            (rising edge-triggered cell FDCE clocked by clk  {rise@0.000ns fall@5.000ns period=10.000ns})
  Path Group:             (none)
  Path Type:              Setup (Max at Slow Process Corner)
  Data Path Delay:        4.109ns  (logic 1.309ns (31.870%)  route 2.799ns (68.130%))
  Logic Levels:           4  (IBUF=1 LUT5=1 LUT6=2)
  Clock Path Skew:        4.281ns (DCD - SCD + CPR)
    Destination Clock Delay (DCD):    4.281ns
    Source Clock Delay      (SCD):    0.000ns
    Clock Pessimism Removal (CPR):    0.000ns
  Clock Uncertainty:      0.025ns  ((TSJ^2 + TIJ^2)^1/2 + DJ) / 2 + PE
    Total System Jitter     (TSJ):    0.050ns
    Total Input Jitter      (TIJ):    0.000ns
    Discrete Jitter          (DJ):    0.000ns
    Phase Error              (PE):    0.000ns

    Location             Delay type                Incr(ns)  Path(ns)    Netlist Resource(s)
  -------------------------------------------------------------------    -------------------
    U17                                               0.000     0.000 f  reqA_turn (IN)
                         net (fo=0)                   0.000     0.000    reqA_turn
    U17                  IBUF (Prop_ibuf_I_O)         0.937     0.937 f  reqA_turn_IBUF_inst/O
                         net (fo=15, routed)          1.793     2.731    reqA_turn_IBUF
    SLICE_X2Y9           LUT5 (Prop_lut5_I3_O)        0.124     2.855 f  state[1]_i_7/O
                         net (fo=1, routed)           0.689     3.544    state[1]_i_7_n_0
    SLICE_X2Y9           LUT6 (Prop_lut6_I0_O)        0.124     3.668 r  state[1]_i_2/O
                         net (fo=2, routed)           0.316     3.985    state[1]_i_2_n_0
    SLICE_X1Y10          LUT6 (Prop_lut6_I0_O)        0.124     4.109 r  state[1]_i_1/O
                         net (fo=1, routed)           0.000     4.109    state[1]_i_1_n_0
    SLICE_X1Y10          FDCE                                         r  state_reg[1]/D
  -------------------------------------------------------------------    -------------------

                         (clock clk rise edge)        0.000     0.000 r  
    M18                                               0.000     0.000 r  clk (IN)
                         net (fo=0)                   0.000     0.000    clk
    M18                  IBUF (Prop_ibuf_I_O)         0.805     0.805 r  clk_IBUF_inst/O
                         net (fo=1, routed)           1.868     2.673    clk_IBUF
    BUFGCTRL_X0Y0        BUFG (Prop_bufg_I_O)         0.091     2.764 r  clk_IBUF_BUFG_inst/O
                         net (fo=10, routed)          1.517     4.281    clk_IBUF_BUFG
    SLICE_X1Y10          FDCE                                         r  state_reg[1]/C

Slack:                    inf
  Source:                 rst_n
                            (input port)
  Destination:            cnt_reg[3]/CLR
                            (recovery check against rising-edge clock clk  {rise@0.000ns fall@5.000ns period=10.000ns})
  Path Group:             (none)
  Path Type:              Recovery (Max at Slow Process Corner)
  Data Path Delay:        3.884ns  (logic 1.063ns (27.365%)  route 2.821ns (72.635%))
  Logic Levels:           2  (IBUF=1 LUT1=1)
  Clock Path Skew:        4.282ns (DCD - SCD + CPR)
    Destination Clock Delay (DCD):    4.282ns
    Source Clock Delay      (SCD):    0.000ns
    Clock Pessimism Removal (CPR):    0.000ns
  Clock Uncertainty:      0.025ns  ((TSJ^2 + TIJ^2)^1/2 + DJ) / 2 + PE
    Total System Jitter     (TSJ):    0.050ns
    Total Input Jitter      (TIJ):    0.000ns
    Discrete Jitter          (DJ):    0.000ns
    Phase Error              (PE):    0.000ns

    Location             Delay type                Incr(ns)  Path(ns)    Netlist Resource(s)
  -------------------------------------------------------------------    -------------------
    W18                                               0.000     0.000 r  rst_n (IN)
                         net (fo=0)                   0.000     0.000    rst_n
    W18                  IBUF (Prop_ibuf_I_O)         0.939     0.939 r  rst_n_IBUF_inst/O
                         net (fo=1, routed)           1.416     2.354    rst_n_IBUF
    SLICE_X0Y11          LUT1 (Prop_lut1_I0_O)        0.124     2.478 f  cnt[3]_i_2/O
                         net (fo=10, routed)          1.405     3.884    cnt[3]_i_2_n_0
    SLICE_X2Y8           FDCE                                         f  cnt_reg[3]/CLR
  -------------------------------------------------------------------    -------------------

                         (clock clk rise edge)        0.000     0.000 r  
    M18                                               0.000     0.000 r  clk (IN)
                         net (fo=0)                   0.000     0.000    clk
    M18                  IBUF (Prop_ibuf_I_O)         0.805     0.805 r  clk_IBUF_inst/O
                         net (fo=1, routed)           1.868     2.673    clk_IBUF
    BUFGCTRL_X0Y0        BUFG (Prop_bufg_I_O)         0.091     2.764 r  clk_IBUF_BUFG_inst/O
                         net (fo=10, routed)          1.518     4.282    clk_IBUF_BUFG
    SLICE_X2Y8           FDCE                                         r  cnt_reg[3]/C

Slack:                    inf
  Source:                 rst_n
                            (input port)
  Destination:            last_reg[0]/CLR
                            (recovery check against rising-edge clock clk  {rise@0.000ns fall@5.000ns period=10.000ns})
  Path Group:             (none)
  Path Type:              Recovery (Max at Slow Process Corner)
  Data Path Delay:        3.884ns  (logic 1.063ns (27.365%)  route 2.821ns (72.635%))
  Logic Levels:           2  (IBUF=1 LUT1=1)
  Clock Path Skew:        4.282ns (DCD - SCD + CPR)
    Destination Clock Delay (DCD):    4.282ns
    Source Clock Delay      (SCD):    0.000ns
    Clock Pessimism Removal (CPR):    0.000ns
  Clock Uncertainty:      0.025ns  ((TSJ^2 + TIJ^2)^1/2 + DJ) / 2 + PE
    Total System Jitter     (TSJ):    0.050ns
    Total Input Jitter      (TIJ):    0.000ns
    Discrete Jitter          (DJ):    0.000ns
    Phase Error              (PE):    0.000ns

    Location             Delay type                Incr(ns)  Path(ns)    Netlist Resource(s)
  -------------------------------------------------------------------    -------------------
    W18                                               0.000     0.000 r  rst_n (IN)
                         net (fo=0)                   0.000     0.000    rst_n
    W18                  IBUF (Prop_ibuf_I_O)         0.939     0.939 r  rst_n_IBUF_inst/O
                         net (fo=1, routed)           1.416     2.354    rst_n_IBUF
    SLICE_X0Y11          LUT1 (Prop_lut1_I0_O)        0.124     2.478 f  cnt[3]_i_2/O
                         net (fo=10, routed)          1.405     3.884    cnt[3]_i_2_n_0
    SLICE_X2Y8           FDCE                                         f  last_reg[0]/CLR
  -------------------------------------------------------------------    -------------------

                         (clock clk rise edge)        0.000     0.000 r  
    M18                                               0.000     0.000 r  clk (IN)
                         net (fo=0)                   0.000     0.000    clk
    M18                  IBUF (Prop_ibuf_I_O)         0.805     0.805 r  clk_IBUF_inst/O
                         net (fo=1, routed)           1.868     2.673    clk_IBUF
    BUFGCTRL_X0Y0        BUFG (Prop_bufg_I_O)         0.091     2.764 r  clk_IBUF_BUFG_inst/O
                         net (fo=10, routed)          1.518     4.282    clk_IBUF_BUFG
    SLICE_X2Y8           FDCE                                         r  last_reg[0]/C

Slack:                    inf
  Source:                 rst_n
                            (input port)
  Destination:            cnt_reg[0]/PRE
                            (recovery check against rising-edge clock clk  {rise@0.000ns fall@5.000ns period=10.000ns})
  Path Group:             (none)
  Path Type:              Recovery (Max at Slow Process Corner)
  Data Path Delay:        3.602ns  (logic 1.063ns (29.509%)  route 2.539ns (70.491%))
  Logic Levels:           2  (IBUF=1 LUT1=1)
  Clock Path Skew:        4.282ns (DCD - SCD + CPR)
    Destination Clock Delay (DCD):    4.282ns
    Source Clock Delay      (SCD):    0.000ns
    Clock Pessimism Removal (CPR):    0.000ns
  Clock Uncertainty:      0.025ns  ((TSJ^2 + TIJ^2)^1/2 + DJ) / 2 + PE
    Total System Jitter     (TSJ):    0.050ns
    Total Input Jitter      (TIJ):    0.000ns
    Discrete Jitter          (DJ):    0.000ns
    Phase Error              (PE):    0.000ns

    Location             Delay type                Incr(ns)  Path(ns)    Netlist Resource(s)
  -------------------------------------------------------------------    -------------------
    W18                                               0.000     0.000 r  rst_n (IN)
                         net (fo=0)                   0.000     0.000    rst_n
    W18                  IBUF (Prop_ibuf_I_O)         0.939     0.939 r  rst_n_IBUF_inst/O
                         net (fo=1, routed)           1.416     2.354    rst_n_IBUF
    SLICE_X0Y11          LUT1 (Prop_lut1_I0_O)        0.124     2.478 f  cnt[3]_i_2/O
                         net (fo=10, routed)          1.123     3.602    cnt[3]_i_2_n_0
    SLICE_X0Y8           FDPE                                         f  cnt_reg[0]/PRE
  -------------------------------------------------------------------    -------------------

                         (clock clk rise edge)        0.000     0.000 r  
    M18                                               0.000     0.000 r  clk (IN)
                         net (fo=0)                   0.000     0.000    clk
    M18                  IBUF (Prop_ibuf_I_O)         0.805     0.805 r  clk_IBUF_inst/O
                         net (fo=1, routed)           1.868     2.673    clk_IBUF
    BUFGCTRL_X0Y0        BUFG (Prop_bufg_I_O)         0.091     2.764 r  clk_IBUF_BUFG_inst/O
                         net (fo=10, routed)          1.518     4.282    clk_IBUF_BUFG
    SLICE_X0Y8           FDPE                                         r  cnt_reg[0]/C





Min Delay Paths
--------------------------------------------------------------------------------------
Slack:                    inf
  Source:                 reqB
                            (input port)
  Destination:            state_reg[0]/D
                            (rising edge-triggered cell FDCE clocked by clk  {rise@0.000ns fall@5.000ns period=10.000ns})
  Path Group:             (none)
  Path Type:              Hold (Min at Fast Process Corner)
  Data Path Delay:        0.803ns  (logic 0.213ns (26.520%)  route 0.590ns (73.480%))
  Logic Levels:           2  (IBUF=1 LUT6=1)
  Clock Path Skew:        1.937ns (DCD - SCD - CPR)
    Destination Clock Delay (DCD):    1.937ns
    Source Clock Delay      (SCD):    0.000ns
    Clock Pessimism Removal (CPR):    -0.000ns

    Location             Delay type                Incr(ns)  Path(ns)    Netlist Resource(s)
  -------------------------------------------------------------------    -------------------
    T18                                               0.000     0.000 f  reqB (IN)
                         net (fo=0)                   0.000     0.000    reqB
    T18                  IBUF (Prop_ibuf_I_O)         0.168     0.168 f  reqB_IBUF_inst/O
                         net (fo=16, routed)          0.590     0.758    reqB_IBUF
    SLICE_X2Y10          LUT6 (Prop_lut6_I2_O)        0.045     0.803 r  state[0]_i_1/O
                         net (fo=1, routed)           0.000     0.803    state[0]_i_1_n_0
    SLICE_X2Y10          FDCE                                         r  state_reg[0]/D
  -------------------------------------------------------------------    -------------------

                         (clock clk rise edge)        0.000     0.000 r  
    M18                                               0.000     0.000 r  clk (IN)
                         net (fo=0)                   0.000     0.000    clk
    M18                  IBUF (Prop_ibuf_I_O)         0.356     0.356 r  clk_IBUF_inst/O
                         net (fo=1, routed)           0.689     1.044    clk_IBUF
    BUFGCTRL_X0Y0        BUFG (Prop_bufg_I_O)         0.029     1.073 r  clk_IBUF_BUFG_inst/O
                         net (fo=10, routed)          0.864     1.937    clk_IBUF_BUFG
    SLICE_X2Y10          FDCE                                         r  state_reg[0]/C

Slack:                    inf
  Source:                 reqB
                            (input port)
  Destination:            last_reg[0]/D
                            (rising edge-triggered cell FDCE clocked by clk  {rise@0.000ns fall@5.000ns period=10.000ns})
  Path Group:             (none)
  Path Type:              Hold (Min at Fast Process Corner)
  Data Path Delay:        0.879ns  (logic 0.258ns (29.334%)  route 0.621ns (70.666%))
  Logic Levels:           3  (IBUF=1 LUT5=1 LUT6=1)
  Clock Path Skew:        1.938ns (DCD - SCD - CPR)
    Destination Clock Delay (DCD):    1.938ns
    Source Clock Delay      (SCD):    0.000ns
    Clock Pessimism Removal (CPR):    -0.000ns

    Location             Delay type                Incr(ns)  Path(ns)    Netlist Resource(s)
  -------------------------------------------------------------------    -------------------
    T18                                               0.000     0.000 f  reqB (IN)
                         net (fo=0)                   0.000     0.000    reqB
    T18                  IBUF (Prop_ibuf_I_O)         0.168     0.168 f  reqB_IBUF_inst/O
                         net (fo=16, routed)          0.451     0.619    reqB_IBUF
    SLICE_X2Y11          LUT6 (Prop_lut6_I4_O)        0.045     0.664 r  last[0]_i_3/O
                         net (fo=1, routed)           0.171     0.834    last[0]_i_3_n_0
    SLICE_X2Y8           LUT5 (Prop_lut5_I2_O)        0.045     0.879 r  last[0]_i_1/O
                         net (fo=1, routed)           0.000     0.879    last[0]_i_1_n_0
    SLICE_X2Y8           FDCE                                         r  last_reg[0]/D
  -------------------------------------------------------------------    -------------------

                         (clock clk rise edge)        0.000     0.000 r  
    M18                                               0.000     0.000 r  clk (IN)
                         net (fo=0)                   0.000     0.000    clk
    M18                  IBUF (Prop_ibuf_I_O)         0.356     0.356 r  clk_IBUF_inst/O
                         net (fo=1, routed)           0.689     1.044    clk_IBUF
    BUFGCTRL_X0Y0        BUFG (Prop_bufg_I_O)         0.029     1.073 r  clk_IBUF_BUFG_inst/O
                         net (fo=10, routed)          0.865     1.938    clk_IBUF_BUFG
    SLICE_X2Y8           FDCE                                         r  last_reg[0]/C

Slack:                    inf
  Source:                 rst_n
                            (input port)
  Destination:            last_reg[1]/PRE
                            (removal check against rising-edge clock clk  {rise@0.000ns fall@5.000ns period=10.000ns})
  Path Group:             (none)
  Path Type:              Removal (Min at Fast Process Corner)
  Data Path Delay:        0.941ns  (logic 0.213ns (22.619%)  route 0.728ns (77.381%))
  Logic Levels:           2  (IBUF=1 LUT1=1)
  Clock Path Skew:        1.937ns (DCD - SCD - CPR)
    Destination Clock Delay (DCD):    1.937ns
    Source Clock Delay      (SCD):    0.000ns
    Clock Pessimism Removal (CPR):    -0.000ns

    Location             Delay type                Incr(ns)  Path(ns)    Netlist Resource(s)
  -------------------------------------------------------------------    -------------------
    W18                                               0.000     0.000 r  rst_n (IN)
                         net (fo=0)                   0.000     0.000    rst_n
    W18                  IBUF (Prop_ibuf_I_O)         0.168     0.168 r  rst_n_IBUF_inst/O
                         net (fo=1, routed)           0.547     0.715    rst_n_IBUF
    SLICE_X0Y11          LUT1 (Prop_lut1_I0_O)        0.045     0.760 f  cnt[3]_i_2/O
                         net (fo=10, routed)          0.182     0.941    cnt[3]_i_2_n_0
    SLICE_X2Y10          FDPE                                         f  last_reg[1]/PRE
  -------------------------------------------------------------------    -------------------

                         (clock clk rise edge)        0.000     0.000 r  
    M18                                               0.000     0.000 r  clk (IN)
                         net (fo=0)                   0.000     0.000    clk
    M18                  IBUF (Prop_ibuf_I_O)         0.356     0.356 r  clk_IBUF_inst/O
                         net (fo=1, routed)           0.689     1.044    clk_IBUF
    BUFGCTRL_X0Y0        BUFG (Prop_bufg_I_O)         0.029     1.073 r  clk_IBUF_BUFG_inst/O
                         net (fo=10, routed)          0.864     1.937    clk_IBUF_BUFG
    SLICE_X2Y10          FDPE                                         r  last_reg[1]/C

Slack:                    inf
  Source:                 rst_n
                            (input port)
  Destination:            state_reg[0]/CLR
                            (removal check against rising-edge clock clk  {rise@0.000ns fall@5.000ns period=10.000ns})
  Path Group:             (none)
  Path Type:              Removal (Min at Fast Process Corner)
  Data Path Delay:        0.941ns  (logic 0.213ns (22.619%)  route 0.728ns (77.381%))
  Logic Levels:           2  (IBUF=1 LUT1=1)
  Clock Path Skew:        1.937ns (DCD - SCD - CPR)
    Destination Clock Delay (DCD):    1.937ns
    Source Clock Delay      (SCD):    0.000ns
    Clock Pessimism Removal (CPR):    -0.000ns

    Location             Delay type                Incr(ns)  Path(ns)    Netlist Resource(s)
  -------------------------------------------------------------------    -------------------
    W18                                               0.000     0.000 r  rst_n (IN)
                         net (fo=0)                   0.000     0.000    rst_n
    W18                  IBUF (Prop_ibuf_I_O)         0.168     0.168 r  rst_n_IBUF_inst/O
                         net (fo=1, routed)           0.547     0.715    rst_n_IBUF
    SLICE_X0Y11          LUT1 (Prop_lut1_I0_O)        0.045     0.760 f  cnt[3]_i_2/O
                         net (fo=10, routed)          0.182     0.941    cnt[3]_i_2_n_0
    SLICE_X2Y10          FDCE                                         f  state_reg[0]/CLR
  -------------------------------------------------------------------    -------------------

                         (clock clk rise edge)        0.000     0.000 r  
    M18                                               0.000     0.000 r  clk (IN)
                         net (fo=0)                   0.000     0.000    clk
    M18                  IBUF (Prop_ibuf_I_O)         0.356     0.356 r  clk_IBUF_inst/O
                         net (fo=1, routed)           0.689     1.044    clk_IBUF
    BUFGCTRL_X0Y0        BUFG (Prop_bufg_I_O)         0.029     1.073 r  clk_IBUF_BUFG_inst/O
                         net (fo=10, routed)          0.864     1.937    clk_IBUF_BUFG
    SLICE_X2Y10          FDCE                                         r  state_reg[0]/C

Slack:                    inf
  Source:                 reqA_turn
                            (input port)
  Destination:            state_reg[1]/D
                            (rising edge-triggered cell FDCE clocked by clk  {rise@0.000ns fall@5.000ns period=10.000ns})
  Path Group:             (none)
  Path Type:              Hold (Min at Fast Process Corner)
  Data Path Delay:        0.950ns  (logic 0.257ns (27.012%)  route 0.693ns (72.988%))
  Logic Levels:           3  (IBUF=1 LUT3=1 LUT6=1)
  Clock Path Skew:        1.937ns (DCD - SCD - CPR)
    Destination Clock Delay (DCD):    1.937ns
    Source Clock Delay      (SCD):    0.000ns
    Clock Pessimism Removal (CPR):    -0.000ns

    Location             Delay type                Incr(ns)  Path(ns)    Netlist Resource(s)
  -------------------------------------------------------------------    -------------------
    U17                                               0.000     0.000 f  reqA_turn (IN)
                         net (fo=0)                   0.000     0.000    reqA_turn
    U17                  IBUF (Prop_ibuf_I_O)         0.167     0.167 f  reqA_turn_IBUF_inst/O
                         net (fo=15, routed)          0.514     0.680    reqA_turn_IBUF
    SLICE_X3Y10          LUT3 (Prop_lut3_I2_O)        0.045     0.725 r  state[1]_i_4/O
                         net (fo=1, routed)           0.179     0.905    state[1]_i_4_n_0
    SLICE_X1Y10          LUT6 (Prop_lut6_I2_O)        0.045     0.950 r  state[1]_i_1/O
                         net (fo=1, routed)           0.000     0.950    state[1]_i_1_n_0
    SLICE_X1Y10          FDCE                                         r  state_reg[1]/D
  -------------------------------------------------------------------    -------------------

                         (clock clk rise edge)        0.000     0.000 r  
    M18                                               0.000     0.000 r  clk (IN)
                         net (fo=0)                   0.000     0.000    clk
    M18                  IBUF (Prop_ibuf_I_O)         0.356     0.356 r  clk_IBUF_inst/O
                         net (fo=1, routed)           0.689     1.044    clk_IBUF
    BUFGCTRL_X0Y0        BUFG (Prop_bufg_I_O)         0.029     1.073 r  clk_IBUF_BUFG_inst/O
                         net (fo=10, routed)          0.864     1.937    clk_IBUF_BUFG
    SLICE_X1Y10          FDCE                                         r  state_reg[1]/C

Slack:                    inf
  Source:                 reqB
                            (input port)
  Destination:            last_reg[1]/D
                            (rising edge-triggered cell FDPE clocked by clk  {rise@0.000ns fall@5.000ns period=10.000ns})
  Path Group:             (none)
  Path Type:              Hold (Min at Fast Process Corner)
  Data Path Delay:        0.964ns  (logic 0.258ns (26.754%)  route 0.706ns (73.246%))
  Logic Levels:           3  (IBUF=1 LUT6=2)
  Clock Path Skew:        1.937ns (DCD - SCD - CPR)
    Destination Clock Delay (DCD):    1.937ns
    Source Clock Delay      (SCD):    0.000ns
    Clock Pessimism Removal (CPR):    -0.000ns

    Location             Delay type                Incr(ns)  Path(ns)    Netlist Resource(s)
  -------------------------------------------------------------------    -------------------
    T18                                               0.000     0.000 r  reqB (IN)
                         net (fo=0)                   0.000     0.000    reqB
    T18                  IBUF (Prop_ibuf_I_O)         0.168     0.168 r  reqB_IBUF_inst/O
                         net (fo=16, routed)          0.449     0.617    reqB_IBUF
    SLICE_X2Y11          LUT6 (Prop_lut6_I5_O)        0.045     0.662 r  last[1]_i_2/O
                         net (fo=1, routed)           0.257     0.919    last[1]_i_2_n_0
    SLICE_X2Y10          LUT6 (Prop_lut6_I1_O)        0.045     0.964 r  last[1]_i_1/O
                         net (fo=1, routed)           0.000     0.964    last[1]_i_1_n_0
    SLICE_X2Y10          FDPE                                         r  last_reg[1]/D
  -------------------------------------------------------------------    -------------------

                         (clock clk rise edge)        0.000     0.000 r  
    M18                                               0.000     0.000 r  clk (IN)
                         net (fo=0)                   0.000     0.000    clk
    M18                  IBUF (Prop_ibuf_I_O)         0.356     0.356 r  clk_IBUF_inst/O
                         net (fo=1, routed)           0.689     1.044    clk_IBUF
    BUFGCTRL_X0Y0        BUFG (Prop_bufg_I_O)         0.029     1.073 r  clk_IBUF_BUFG_inst/O
                         net (fo=10, routed)          0.864     1.937    clk_IBUF_BUFG
    SLICE_X2Y10          FDPE                                         r  last_reg[1]/C

Slack:                    inf
  Source:                 rst_n
                            (input port)
  Destination:            state_reg[2]/CLR
                            (removal check against rising-edge clock clk  {rise@0.000ns fall@5.000ns period=10.000ns})
  Path Group:             (none)
  Path Type:              Removal (Min at Fast Process Corner)
  Data Path Delay:        0.995ns  (logic 0.213ns (21.394%)  route 0.782ns (78.606%))
  Logic Levels:           2  (IBUF=1 LUT1=1)
  Clock Path Skew:        1.938ns (DCD - SCD - CPR)
    Destination Clock Delay (DCD):    1.938ns
    Source Clock Delay      (SCD):    0.000ns
    Clock Pessimism Removal (CPR):    -0.000ns

    Location             Delay type                Incr(ns)  Path(ns)    Netlist Resource(s)
  -------------------------------------------------------------------    -------------------
    W18                                               0.000     0.000 r  rst_n (IN)
                         net (fo=0)                   0.000     0.000    rst_n
    W18                  IBUF (Prop_ibuf_I_O)         0.168     0.168 r  rst_n_IBUF_inst/O
                         net (fo=1, routed)           0.547     0.715    rst_n_IBUF
    SLICE_X0Y11          LUT1 (Prop_lut1_I0_O)        0.045     0.760 f  cnt[3]_i_2/O
                         net (fo=10, routed)          0.236     0.995    cnt[3]_i_2_n_0
    SLICE_X3Y9           FDCE                                         f  state_reg[2]/CLR
  -------------------------------------------------------------------    -------------------

                         (clock clk rise edge)        0.000     0.000 r  
    M18                                               0.000     0.000 r  clk (IN)
                         net (fo=0)                   0.000     0.000    clk
    M18                  IBUF (Prop_ibuf_I_O)         0.356     0.356 r  clk_IBUF_inst/O
                         net (fo=1, routed)           0.689     1.044    clk_IBUF
    BUFGCTRL_X0Y0        BUFG (Prop_bufg_I_O)         0.029     1.073 r  clk_IBUF_BUFG_inst/O
                         net (fo=10, routed)          0.865     1.938    clk_IBUF_BUFG
    SLICE_X3Y9           FDCE                                         r  state_reg[2]/C

Slack:                    inf
  Source:                 reqA_turn
                            (input port)
  Destination:            state_reg[2]/D
                            (rising edge-triggered cell FDCE clocked by clk  {rise@0.000ns fall@5.000ns period=10.000ns})
  Path Group:             (none)
  Path Type:              Hold (Min at Fast Process Corner)
  Data Path Delay:        1.011ns  (logic 0.257ns (25.380%)  route 0.754ns (74.620%))
  Logic Levels:           3  (IBUF=1 LUT6=2)
  Clock Path Skew:        1.938ns (DCD - SCD - CPR)
    Destination Clock Delay (DCD):    1.938ns
    Source Clock Delay      (SCD):    0.000ns
    Clock Pessimism Removal (CPR):    -0.000ns

    Location             Delay type                Incr(ns)  Path(ns)    Netlist Resource(s)
  -------------------------------------------------------------------    -------------------
    U17                                               0.000     0.000 r  reqA_turn (IN)
                         net (fo=0)                   0.000     0.000    reqA_turn
    U17                  IBUF (Prop_ibuf_I_O)         0.167     0.167 r  reqA_turn_IBUF_inst/O
                         net (fo=15, routed)          0.640     0.806    reqA_turn_IBUF
    SLICE_X3Y10          LUT6 (Prop_lut6_I0_O)        0.045     0.851 f  state[2]_i_6/O
                         net (fo=2, routed)           0.114     0.966    state[2]_i_6_n_0
    SLICE_X3Y9           LUT6 (Prop_lut6_I4_O)        0.045     1.011 r  state[2]_i_1/O
                         net (fo=1, routed)           0.000     1.011    state[2]_i_1_n_0
    SLICE_X3Y9           FDCE                                         r  state_reg[2]/D
  -------------------------------------------------------------------    -------------------

                         (clock clk rise edge)        0.000     0.000 r  
    M18                                               0.000     0.000 r  clk (IN)
                         net (fo=0)                   0.000     0.000    clk
    M18                  IBUF (Prop_ibuf_I_O)         0.356     0.356 r  clk_IBUF_inst/O
                         net (fo=1, routed)           0.689     1.044    clk_IBUF
    BUFGCTRL_X0Y0        BUFG (Prop_bufg_I_O)         0.029     1.073 r  clk_IBUF_BUFG_inst/O
                         net (fo=10, routed)          0.865     1.938    clk_IBUF_BUFG
    SLICE_X3Y9           FDCE                                         r  state_reg[2]/C

Slack:                    inf
  Source:                 reqC
                            (input port)
  Destination:            cnt_reg[1]/D
                            (rising edge-triggered cell FDCE clocked by clk  {rise@0.000ns fall@5.000ns period=10.000ns})
  Path Group:             (none)
  Path Type:              Hold (Min at Fast Process Corner)
  Data Path Delay:        1.029ns  (logic 0.255ns (24.826%)  route 0.773ns (75.174%))
  Logic Levels:           3  (IBUF=1 LUT6=2)
  Clock Path Skew:        1.938ns (DCD - SCD - CPR)
    Destination Clock Delay (DCD):    1.938ns
    Source Clock Delay      (SCD):    0.000ns
    Clock Pessimism Removal (CPR):    -0.000ns

    Location             Delay type                Incr(ns)  Path(ns)    Netlist Resource(s)
  -------------------------------------------------------------------    -------------------
    W19                                               0.000     0.000 f  reqC (IN)
                         net (fo=0)                   0.000     0.000    reqC
    W19                  IBUF (Prop_ibuf_I_O)         0.165     0.165 f  reqC_IBUF_inst/O
                         net (fo=8, routed)           0.618     0.783    reqC_IBUF
    SLICE_X3Y9           LUT6 (Prop_lut6_I3_O)        0.045     0.828 f  cnt[1]_i_2/O
                         net (fo=1, routed)           0.156     0.984    cnt[1]_i_2_n_0
    SLICE_X1Y9           LUT6 (Prop_lut6_I0_O)        0.045     1.029 r  cnt[1]_i_1/O
                         net (fo=1, routed)           0.000     1.029    cnt[1]_i_1_n_0
    SLICE_X1Y9           FDCE                                         r  cnt_reg[1]/D
  -------------------------------------------------------------------    -------------------

                         (clock clk rise edge)        0.000     0.000 r  
    M18                                               0.000     0.000 r  clk (IN)
                         net (fo=0)                   0.000     0.000    clk
    M18                  IBUF (Prop_ibuf_I_O)         0.356     0.356 r  clk_IBUF_inst/O
                         net (fo=1, routed)           0.689     1.044    clk_IBUF
    BUFGCTRL_X0Y0        BUFG (Prop_bufg_I_O)         0.029     1.073 r  clk_IBUF_BUFG_inst/O
                         net (fo=10, routed)          0.865     1.938    clk_IBUF_BUFG
    SLICE_X1Y9           FDCE                                         r  cnt_reg[1]/C

Slack:                    inf
  Source:                 reqB
                            (input port)
  Destination:            last_reg[2]/D
                            (rising edge-triggered cell FDPE clocked by clk  {rise@0.000ns fall@5.000ns period=10.000ns})
  Path Group:             (none)
  Path Type:              Hold (Min at Fast Process Corner)
  Data Path Delay:        1.080ns  (logic 0.258ns (23.878%)  route 0.822ns (76.122%))
  Logic Levels:           3  (IBUF=1 LUT6=2)
  Clock Path Skew:        1.938ns (DCD - SCD - CPR)
    Destination Clock Delay (DCD):    1.938ns
    Source Clock Delay      (SCD):    0.000ns
    Clock Pessimism Removal (CPR):    -0.000ns

    Location             Delay type                Incr(ns)  Path(ns)    Netlist Resource(s)
  -------------------------------------------------------------------    -------------------
    T18                                               0.000     0.000 f  reqB (IN)
                         net (fo=0)                   0.000     0.000    reqB
    T18                  IBUF (Prop_ibuf_I_O)         0.168     0.168 f  reqB_IBUF_inst/O
                         net (fo=16, routed)          0.607     0.775    reqB_IBUF
    SLICE_X0Y9           LUT6 (Prop_lut6_I4_O)        0.045     0.820 r  last[2]_i_2/O
                         net (fo=1, routed)           0.215     1.035    last[2]_i_2_n_0
    SLICE_X1Y9           LUT6 (Prop_lut6_I0_O)        0.045     1.080 r  last[2]_i_1/O
                         net (fo=1, routed)           0.000     1.080    last[2]_i_1_n_0
    SLICE_X1Y9           FDPE                                         r  last_reg[2]/D
  -------------------------------------------------------------------    -------------------

                         (clock clk rise edge)        0.000     0.000 r  
    M18                                               0.000     0.000 r  clk (IN)
                         net (fo=0)                   0.000     0.000    clk
    M18                  IBUF (Prop_ibuf_I_O)         0.356     0.356 r  clk_IBUF_inst/O
                         net (fo=1, routed)           0.689     1.044    clk_IBUF
    BUFGCTRL_X0Y0        BUFG (Prop_bufg_I_O)         0.029     1.073 r  clk_IBUF_BUFG_inst/O
                         net (fo=10, routed)          0.865     1.938    clk_IBUF_BUFG
    SLICE_X1Y9           FDPE                                         r  last_reg[2]/C





